"age","workclass","education","educational.num","marital.status","race","gender","hours.per.week","income","Date_of_Joning"
52,"Private","Assoc-voc",11,"Separated","White","Female",35,"<=50K",2005-12-31
24,"Private","Assoc-voc",11,"Never-married","White","Male",40,"<=50K",2001-07-07
61,"Private","HS-grad",9,"Divorced","White","Female",40,"<=50K",2013-06-29
20,"Private","Some-college",10,"Never-married","White","Male",20,"<=50K",2012-02-04
65,"Local-gov","11th",7,"Married-civ-spouse","White","Male",35,"<=50K",2011-10-01
47,"Private","11th",7,"Divorced","Black","Female",40,"<=50K",2006-03-05
33,"Private","HS-grad",9,"Married-civ-spouse","White","Male",40,">50K",2010-03-17
54,"Private","HS-grad",9,"Never-married","White","Male",41,"<=50K",2011-05-21
18,"Private","Some-college",10,"Never-married","White","Female",20,"<=50K",2004-06-17
18,"Federal-gov","11th",7,"Never-married","White","Male",4,"<=50K",2016-03-19
47,"Self-emp-inc","Bachelors",13,"Married-civ-spouse","White","Male",60,">50K",2014-10-13
47,"Private","10th",6,"Married-civ-spouse","White","Male",35,"<=50K",2014-06-24
18,"Private","HS-grad",9,"Never-married","White","Male",40,"<=50K",2016-05-20
34,"Private","HS-grad",9,"Married-civ-spouse","White","Male",72,"<=50K",2011-12-13
46,"Local-gov","Assoc-acdm",12,"Married-civ-spouse","White","Male",44,">50K",2012-10-04
52,"Private","HS-grad",9,"Divorced","White","Male",40,"<=50K",2012-11-17
29,"Private","10th",6,"Never-married","White","Male",43,"<=50K",2017-06-22
37,"Private","Bachelors",13,"Married-civ-spouse","White","Male",40,">50K",2000-04-04
38,"Private","HS-grad",9,"Divorced","White","Female",40,"<=50K",2002-03-16
38,"Private","Some-college",10,"Never-married","White","Male",45,"<=50K",2018-03-29
26,"Private","Bachelors",13,"Married-civ-spouse","Asian-Pac-Islander","Female",75,">50K",2005-01-02
47,"Private","HS-grad",9,"Married-civ-spouse","White","Male",40,"<=50K",2005-02-18
79,"Private","HS-grad",9,"Married-civ-spouse","White","Male",7,"<=50K",2000-04-09
44,"Private","Bachelors",13,"Divorced","White","Female",45,"<=50K",2000-12-02
31,"Private","Assoc-voc",11,"Married-civ-spouse","White","Male",45,"<=50K",2002-02-12
27,"State-gov","Bachelors",13,"Never-married","White","Male",12,"<=50K",2007-03-04
28,"Local-gov","Masters",14,"Never-married","White","Male",55,"<=50K",2000-11-27
30,"Self-emp-not-inc","Assoc-voc",11,"Never-married","White","Male",60,"<=50K",2014-10-01
36,"State-gov","Doctorate",16,"Married-civ-spouse","White","Female",36,">50K",2013-03-30
33,"Private","7th-8th",4,"Married-civ-spouse","Black","Male",40,"<=50K",2012-05-20
35,"Private","Some-college",10,"Married-civ-spouse","White","Male",50,"<=50K",2003-10-15
44,"Private","Bachelors",13,"Married-civ-spouse","White","Male",48,">50K",2007-01-05
33,"Private","Bachelors",13,"Married-civ-spouse","White","Female",5,">50K",2001-04-21
33,"Private","HS-grad",9,"Married-civ-spouse","Black","Male",35,"<=50K",2016-11-29
24,"Local-gov","Some-college",10,"Never-married","White","Male",40,"<=50K",2007-09-27
29,"Private","Bachelors",13,"Married-civ-spouse","White","Male",42,">50K",2015-01-24
22,"Private","Some-college",10,"Never-married","White","Male",40,"<=50K",2006-03-22
26,"Private","Some-college",10,"Married-civ-spouse","White","Male",45,">50K",2006-06-24
29,"Private","Bachelors",13,"Divorced","White","Female",40,"<=50K",2014-07-03
53,"Private","HS-grad",9,"Married-civ-spouse","White","Male",52,">50K",2001-06-12
56,"Self-emp-inc","Some-college",10,"Married-civ-spouse","White","Female",60,">50K",2017-10-16
22,"Private","HS-grad",9,"Never-married","White","Male",50,"<=50K",2005-03-02
35,"Private","HS-grad",9,"Divorced","White","Female",30,"<=50K",2001-03-19
49,"Private","7th-8th",4,"Married-civ-spouse","White","Male",32,"<=50K",2015-12-10
29,"Private","Doctorate",16,"Never-married","White","Male",40,"<=50K",2009-05-29
33,"Private","9th",5,"Married-civ-spouse","White","Male",50,"<=50K",2017-11-18
17,"Private","11th",7,"Never-married","White","Female",20,"<=50K",2013-06-21
21,"Private","Some-college",10,"Never-married","White","Female",20,"<=50K",2011-11-25
21,"Private","10th",6,"Never-married","White","Male",25,"<=50K",2002-06-22
31,"Private","HS-grad",9,"Separated","White","Male",40,"<=50K",2011-11-16
30,"Private","Doctorate",16,"Never-married","White","Male",40,"<=50K",2006-05-15
54,"Self-emp-not-inc","Some-college",10,"Married-civ-spouse","White","Male",55,">50K",2002-09-20
25,"Private","Some-college",10,"Never-married","White","Male",45,"<=50K",2001-09-30
44,"Federal-gov","Some-college",10,"Never-married","White","Male",50,">50K",2002-07-18
25,"Private","Some-college",10,"Married-civ-spouse","White","Male",40,"<=50K",2000-09-06
22,"Private","12th",8,"Married-civ-spouse","White","Male",60,"<=50K",2012-10-10
33,"Private","Some-college",10,"Never-married","White","Male",50,"<=50K",2016-04-13
36,"Self-emp-inc","Assoc-acdm",12,"Separated","White","Male",50,"<=50K",2014-06-14
60,"Private","HS-grad",9,"Widowed","White","Female",44,"<=50K",2009-06-10
24,"Private","10th",6,"Married-civ-spouse","White","Female",40,"<=50K",2009-05-04
42,"Private","Some-college",10,"Married-civ-spouse","White","Male",40,">50K",2012-07-11
29,"Private","Bachelors",13,"Never-married","White","Female",45,"<=50K",2005-08-06
41,"Private","HS-grad",9,"Married-civ-spouse","White","Male",40,">50K",2007-06-01
36,"Private","HS-grad",9,"Married-civ-spouse","White","Male",40,"<=50K",2010-09-01
21,"Private","HS-grad",9,"Never-married","Other","Female",35,"<=50K",2002-11-19
50,"Private","Some-college",10,"Divorced","Black","Female",40,"<=50K",2007-12-13
43,"Private","Some-college",10,"Separated","White","Male",51,">50K",2009-01-21
49,"Federal-gov","Some-college",10,"Married-civ-spouse","White","Male",40,">50K",2009-06-19
67,"Self-emp-inc","Some-college",10,"Married-civ-spouse","White","Male",40,">50K",2015-07-15
46,"Federal-gov","Some-college",10,"Never-married","Black","Female",40,"<=50K",2013-11-30
47,"Private","Bachelors",13,"Married-civ-spouse","White","Male",40,"<=50K",2014-02-15
25,"Private","Some-college",10,"Never-married","White","Male",40,"<=50K",2012-01-29
49,"Local-gov","Masters",14,"Married-civ-spouse","White","Male",40,">50K",2004-06-12
42,"Private","Some-college",10,"Married-civ-spouse","White","Male",50,">50K",2010-06-21
50,"Private","Bachelors",13,"Divorced","White","Female",50,">50K",2009-04-23
27,"State-gov","Bachelors",13,"Married-civ-spouse","White","Male",40,"<=50K",2001-01-04
41,"Private","HS-grad",9,"Married-civ-spouse","White","Male",40,"<=50K",2010-08-07
36,"Private","HS-grad",9,"Never-married","White","Female",40,"<=50K",2008-11-13
32,"Private","HS-grad",9,"Never-married","White","Female",45,"<=50K",2009-07-03
35,"Private","Bachelors",13,"Never-married","White","Female",40,">50K",2010-02-28
39,"Private","Masters",14,"Married-civ-spouse","White","Male",45,"<=50K",2011-03-11
51,"Private","HS-grad",9,"Divorced","White","Female",40,"<=50K",2003-07-07
20,"Private","Some-college",10,"Never-married","White","Female",40,"<=50K",2003-10-05
57,"Federal-gov","Bachelors",13,"Married-civ-spouse","White","Female",40,">50K",2011-06-11
43,"Private","Some-college",10,"Married-civ-spouse","White","Male",48,">50K",2007-03-05
31,"Private","Some-college",10,"Never-married","White","Female",40,"<=50K",2014-05-30
26,"Private","Some-college",10,"Never-married","White","Female",24,"<=50K",2010-02-10
59,"Private","11th",7,"Married-civ-spouse","White","Male",40,"<=50K",2007-04-21
46,"Self-emp-inc","Bachelors",13,"Married-civ-spouse","White","Male",50,">50K",2000-03-01
24,"Private","12th",8,"Never-married","White","Male",40,"<=50K",2012-06-03
47,"Private","Prof-school",15,"Married-civ-spouse","White","Male",60,">50K",2015-03-26
35,"Private","Some-college",10,"Divorced","Black","Female",40,"<=50K",2018-09-16
52,"Private","HS-grad",9,"Never-married","White","Female",36,"<=50K",2006-04-27
24,"Private","HS-grad",9,"Never-married","White","Male",40,"<=50K",2000-04-07
40,"Private","Assoc-voc",11,"Married-civ-spouse","White","Male",60,"<=50K",2000-10-24
26,"Private","10th",6,"Married-civ-spouse","White","Male",48,"<=50K",2015-03-28
46,"Private","Bachelors",13,"Married-civ-spouse","White","Male",40,">50K",2012-02-12
42,"Self-emp-not-inc","Assoc-voc",11,"Married-civ-spouse","White","Male",80,">50K",2018-01-19
46,"Private","Some-college",10,"Divorced","White","Male",60,"<=50K",2010-04-06
75,"Self-emp-not-inc","Prof-school",15,"Married-civ-spouse","White","Male",50,">50K",2016-07-23
24,"Private","HS-grad",9,"Never-married","White","Male",40,"<=50K",2013-12-28
32,"Private","Bachelors",13,"Married-civ-spouse","White","Male",40,"<=50K",2013-04-21
41,"Private","HS-grad",9,"Married-civ-spouse","White","Male",40,"<=50K",2015-07-24
21,"Private","Some-college",10,"Never-married","White","Female",30,"<=50K",2009-12-05
65,"Local-gov","HS-grad",9,"Married-civ-spouse","White","Male",40,"<=50K",2011-07-18
57,"Private","HS-grad",9,"Divorced","White","Male",38,"<=50K",2001-08-30
61,"Private","7th-8th",4,"Divorced","White","Male",35,"<=50K",2015-12-31
27,"Private","HS-grad",9,"Never-married","White","Male",40,"<=50K",2011-02-11
38,"Private","Some-college",10,"Never-married","Other","Male",40,"<=50K",2002-04-13
36,"Private","Bachelors",13,"Divorced","White","Female",40,"<=50K",2005-08-22
60,"Private","Assoc-acdm",12,"Married-civ-spouse","White","Male",35,">50K",2004-09-23
31,"Private","HS-grad",9,"Married-civ-spouse","Amer-Indian-Eskimo","Male",40,"<=50K",2007-09-19
37,"State-gov","Some-college",10,"Married-civ-spouse","White","Female",40,">50K",2006-10-04
48,"Private","HS-grad",9,"Divorced","White","Male",40,"<=50K",2007-09-26
51,"Private","5th-6th",3,"Married-civ-spouse","White","Male",44,">50K",2013-06-05
21,"Private","Some-college",10,"Never-married","White","Female",40,"<=50K",2013-10-09
51,"Local-gov","Some-college",10,"Widowed","White","Female",40,"<=50K",2007-12-29
23,"Local-gov","HS-grad",9,"Never-married","White","Female",40,"<=50K",2015-09-07
22,"Private","HS-grad",9,"Never-married","White","Male",40,"<=50K",2009-05-21
77,"Local-gov","HS-grad",9,"Married-civ-spouse","White","Male",6,"<=50K",2008-09-30
26,"Private","Bachelors",13,"Never-married","White","Female",40,"<=50K",2000-11-05
43,"Private","Bachelors",13,"Married-civ-spouse","White","Male",48,">50K",2018-02-25
40,"Local-gov","Some-college",10,"Divorced","White","Male",40,"<=50K",2006-02-22
41,"Private","Some-college",10,"Married-civ-spouse","Black","Female",40,">50K",2000-12-25
69,"Private","Bachelors",13,"Married-civ-spouse","White","Male",50,">50K",2014-03-07
59,"Private","9th",5,"Married-civ-spouse","White","Male",60,">50K",2010-06-13
30,"Private","HS-grad",9,"Married-civ-spouse","White","Male",40,"<=50K",2012-03-15
61,"Private","11th",7,"Married-civ-spouse","White","Male",36,"<=50K",2012-03-06
56,"Self-emp-not-inc","7th-8th",4,"Never-married","Black","Female",58,"<=50K",2000-09-02
46,"Local-gov","11th",7,"Married-civ-spouse","Black","Male",40,"<=50K",2006-12-23
17,"Private","11th",7,"Never-married","White","Female",13,"<=50K",2000-04-19
65,"Self-emp-not-inc","Some-college",10,"Married-civ-spouse","White","Male",40,">50K",2012-10-08
35,"Private","HS-grad",9,"Never-married","White","Male",45,"<=50K",2012-06-19
58,"Private","Some-college",10,"Married-civ-spouse","White","Male",40,">50K",2010-12-09
58,"Self-emp-not-inc","HS-grad",9,"Married-civ-spouse","White","Male",50,"<=50K",2009-02-14
35,"State-gov","Some-college",10,"Married-civ-spouse","White","Male",50,">50K",2013-03-28
59,"Private","HS-grad",9,"Widowed","White","Female",40,"<=50K",2010-08-23
27,"Private","HS-grad",9,"Divorced","White","Female",32,"<=50K",2003-01-17
24,"Private","HS-grad",9,"Never-married","White","Male",40,"<=50K",2013-11-15
45,"Private","Bachelors",13,"Married-civ-spouse","White","Male",50,">50K",2004-02-07
39,"Private","Masters",14,"Married-civ-spouse","White","Female",18,">50K",2018-03-27
49,"Private","11th",7,"Married-civ-spouse","White","Female",40,"<=50K",2018-02-15
30,"Private","Some-college",10,"Married-civ-spouse","White","Male",40,"<=50K",2017-07-06
40,"Private","Masters",14,"Married-civ-spouse","White","Male",50,"<=50K",2001-04-22
59,"Private","Some-college",10,"Married-civ-spouse","White","Female",16,">50K",2007-01-26
59,"Local-gov","Masters",14,"Divorced","White","Female",40,"<=50K",2009-09-07
17,"Private","7th-8th",4,"Never-married","White","Male",8,"<=50K",2008-05-07
24,"Self-emp-inc","Bachelors",13,"Never-married","White","Male",20,"<=50K",2006-11-22
23,"Private","HS-grad",9,"Married-civ-spouse","White","Female",40,"<=50K",2009-10-05
47,"Private","Bachelors",13,"Married-civ-spouse","White","Male",60,">50K",2005-11-22
34,"Private","Some-college",10,"Married-civ-spouse","White","Male",50,"<=50K",2001-02-11
49,"Federal-gov","Masters",14,"Married-civ-spouse","White","Male",40,">50K",2011-11-05
33,"Private","Bachelors",13,"Married-civ-spouse","White","Male",50,"<=50K",2010-02-13
53,"Private","Some-college",10,"Divorced","White","Female",40,"<=50K",2004-06-05
66,"Private","7th-8th",4,"Married-civ-spouse","Black","Male",20,"<=50K",2015-07-08
53,"Private","Some-college",10,"Divorced","White","Female",43,"<=50K",2017-10-04
47,"Private","Doctorate",16,"Married-civ-spouse","White","Male",60,"<=50K",2016-02-25
61,"Private","HS-grad",9,"Widowed","White","Female",40,"<=50K",2014-04-14
43,"Private","HS-grad",9,"Married-civ-spouse","White","Male",40,">50K",2012-09-26
35,"Private","HS-grad",9,"Married-civ-spouse","White","Male",40,"<=50K",2001-03-05
28,"Private","Some-college",10,"Never-married","White","Female",40,">50K",2001-05-18
23,"Local-gov","Bachelors",13,"Never-married","White","Female",40,"<=50K",2004-04-27
31,"Private","Assoc-acdm",12,"Married-civ-spouse","White","Male",40,"<=50K",2007-03-08
25,"Private","Some-college",10,"Married-civ-spouse","White","Male",40,"<=50K",2001-01-02
68,"Self-emp-not-inc","5th-6th",3,"Married-civ-spouse","Black","Male",6,"<=50K",2003-01-03
54,"Private","HS-grad",9,"Married-civ-spouse","White","Male",40,">50K",2010-10-25
18,"Private","11th",7,"Never-married","White","Male",30,"<=50K",2015-06-30
61,"Private","HS-grad",9,"Married-civ-spouse","White","Male",38,"<=50K",2007-04-13
52,"Private","Bachelors",13,"Married-civ-spouse","White","Male",40,">50K",2003-06-29
33,"Private","HS-grad",9,"Married-spouse-absent","Asian-Pac-Islander","Female",35,"<=50K",2004-10-05
29,"Private","Bachelors",13,"Married-civ-spouse","White","Male",45,"<=50K",2006-10-06
42,"Private","Some-college",10,"Married-civ-spouse","White","Male",40,">50K",2011-02-05
65,"Private","Bachelors",13,"Married-civ-spouse","White","Male",40,">50K",2013-02-01
24,"Private","Masters",14,"Never-married","White","Female",40,"<=50K",2002-11-02
38,"Private","HS-grad",9,"Divorced","White","Male",60,"<=50K",2009-08-25
45,"Private","Some-college",10,"Married-civ-spouse","White","Male",40,"<=50K",2001-10-07
64,"Self-emp-not-inc","HS-grad",9,"Widowed","White","Female",70,"<=50K",2005-02-12
18,"Private","Some-college",10,"Never-married","Black","Male",20,"<=50K",2009-02-28
47,"Private","HS-grad",9,"Never-married","Amer-Indian-Eskimo","Male",56,"<=50K",2009-08-26
38,"Private","HS-grad",9,"Married-civ-spouse","White","Male",40,"<=50K",2006-10-08
21,"Federal-gov","Some-college",10,"Never-married","Black","Male",20,"<=50K",2002-06-12
43,"Private","HS-grad",9,"Married-civ-spouse","White","Male",40,">50K",2001-02-28
25,"Private","Assoc-acdm",12,"Never-married","White","Female",40,"<=50K",2010-05-13
30,"Private","Bachelors",13,"Divorced","White","Male",40,">50K",2001-07-28
40,"Federal-gov","Assoc-voc",11,"Married-civ-spouse","White","Female",65,">50K",2015-05-22
45,"Private","Assoc-voc",11,"Divorced","White","Female",55,">50K",2017-09-24
43,"Private","Some-college",10,"Married-civ-spouse","White","Male",40,"<=50K",2015-04-14
50,"Private","Bachelors",13,"Married-civ-spouse","White","Male",35,"<=50K",2011-02-01
40,"Self-emp-inc","Bachelors",13,"Never-married","White","Male",40,"<=50K",2015-11-01
25,"Private","Some-college",10,"Separated","White","Male",40,"<=50K",2010-02-25
46,"Local-gov","Masters",14,"Divorced","White","Female",55,">50K",2012-06-07
42,"Private","Some-college",10,"Divorced","White","Male",40,"<=50K",2014-07-05
40,"Private","HS-grad",9,"Never-married","White","Female",35,"<=50K",2018-10-16
31,"State-gov","Bachelors",13,"Married-civ-spouse","White","Male",55,">50K",2017-04-17
31,"Federal-gov","HS-grad",9,"Never-married","White","Male",35,"<=50K",2012-04-05
29,"Private","HS-grad",9,"Married-civ-spouse","White","Male",40,"<=50K",2004-05-22
37,"Private","Some-college",10,"Married-civ-spouse","White","Male",39,"<=50K",2001-01-23
35,"Private","HS-grad",9,"Married-civ-spouse","White","Male",40,"<=50K",2008-09-01
31,"Private","HS-grad",9,"Married-civ-spouse","White","Male",40,"<=50K",2011-01-02
50,"Private","HS-grad",9,"Divorced","Black","Female",40,"<=50K",2016-06-11
66,"Self-emp-not-inc","Some-college",10,"Married-civ-spouse","White","Male",7,"<=50K",2018-08-13
48,"Private","Masters",14,"Married-civ-spouse","White","Male",40,">50K",2013-11-24
30,"Private","Bachelors",13,"Married-civ-spouse","White","Male",40,">50K",2017-06-14
57,"Private","11th",7,"Married-civ-spouse","White","Male",40,"<=50K",2002-10-30
39,"Private","Assoc-acdm",12,"Married-civ-spouse","White","Male",50,">50K",2012-08-21
30,"Federal-gov","Some-college",10,"Married-civ-spouse","White","Male",48,">50K",2005-09-11
41,"Private","HS-grad",9,"Divorced","White","Female",40,"<=50K",2011-10-17
48,"Private","11th",7,"Separated","Black","Male",22,"<=50K",2018-04-20
47,"Private","Masters",14,"Never-married","White","Female",35,"<=50K",2014-09-18
27,"Local-gov","Assoc-voc",11,"Never-married","White","Male",43,"<=50K",2008-01-09
38,"Local-gov","Bachelors",13,"Married-civ-spouse","White","Male",45,">50K",2013-02-04
31,"Private","HS-grad",9,"Married-civ-spouse","White","Male",40,"<=50K",2005-05-13
37,"Federal-gov","HS-grad",9,"Married-civ-spouse","White","Male",50,">50K",2010-04-27
26,"Self-emp-not-inc","Bachelors",13,"Divorced","White","Male",40,"<=50K",2004-11-21
23,"Private","HS-grad",9,"Never-married","White","Female",40,"<=50K",2017-11-30
29,"Private","Bachelors",13,"Married-civ-spouse","White","Male",40,">50K",2004-01-15
45,"Private","Some-college",10,"Divorced","White","Female",40,"<=50K",2000-11-23
22,"State-gov","Bachelors",13,"Never-married","White","Female",10,"<=50K",2002-05-21
38,"Self-emp-not-inc","HS-grad",9,"Married-civ-spouse","White","Male",40,">50K",2004-08-25
29,"Private","Assoc-voc",11,"Never-married","Black","Male",40,"<=50K",2008-05-17
41,"Federal-gov","Bachelors",13,"Divorced","White","Male",40,"<=50K",2002-09-19
33,"Self-emp-not-inc","HS-grad",9,"Married-civ-spouse","White","Male",60,"<=50K",2000-10-04
61,"Private","Some-college",10,"Divorced","White","Female",40,"<=50K",2006-05-22
36,"Private","11th",7,"Divorced","White","Female",40,"<=50K",2014-08-03
49,"Self-emp-inc","Prof-school",15,"Married-civ-spouse","White","Male",60,">50K",2018-03-01
51,"Private","HS-grad",9,"Married-civ-spouse","White","Male",80,">50K",2018-09-10
29,"Self-emp-not-inc","9th",5,"Widowed","White","Female",27,"<=50K",2003-11-19
45,"Self-emp-inc","Bachelors",13,"Married-civ-spouse","White","Male",60,">50K",2006-12-08
48,"Private","HS-grad",9,"Divorced","White","Female",40,"<=50K",2011-01-26
20,"Private","Some-college",10,"Never-married","White","Female",20,"<=50K",2003-04-23
29,"Private","Bachelors",13,"Married-civ-spouse","White","Male",40,"<=50K",2000-08-05
21,"Private","Some-college",10,"Never-married","Other","Male",40,"<=50K",2015-02-28
44,"Private","1st-4th",2,"Never-married","White","Male",10,"<=50K",2008-04-16
40,"Private","Assoc-voc",11,"Divorced","White","Male",40,"<=50K",2001-07-12
33,"State-gov","Doctorate",16,"Married-civ-spouse","Asian-Pac-Islander","Male",50,"<=50K",2014-12-16
35,"Private","HS-grad",9,"Married-civ-spouse","White","Male",40,"<=50K",2008-07-28
30,"Private","Bachelors",13,"Never-married","White","Female",35,"<=50K",2011-03-14
30,"Private","Bachelors",13,"Married-civ-spouse","White","Male",45,">50K",2003-01-09
22,"Private","Bachelors",13,"Never-married","White","Female",15,"<=50K",2013-12-12
19,"Self-emp-not-inc","9th",5,"Never-married","White","Male",35,"<=50K",2018-12-26
52,"Local-gov","Assoc-voc",11,"Married-civ-spouse","White","Male",35,"<=50K",2010-12-25
52,"Private","5th-6th",3,"Married-civ-spouse","White","Female",15,"<=50K",2015-04-13
50,"Private","Bachelors",13,"Married-civ-spouse","White","Male",36,">50K",2004-04-09
38,"Private","Some-college",10,"Divorced","White","Female",40,"<=50K",2011-05-05
17,"Private","10th",6,"Never-married","White","Female",15,"<=50K",2004-07-19
38,"Private","Some-college",10,"Never-married","White","Male",40,"<=50K",2017-12-17
42,"Local-gov","Some-college",10,"Divorced","White","Female",32,"<=50K",2015-02-01
61,"State-gov","10th",6,"Never-married","Black","Female",38,"<=50K",2011-06-25
29,"Private","HS-grad",9,"Married-civ-spouse","White","Male",40,"<=50K",2006-12-04
46,"Private","Some-college",10,"Never-married","White","Male",40,"<=50K",2013-06-12
33,"Private","HS-grad",9,"Married-civ-spouse","White","Male",40,"<=50K",2013-03-25
52,"Private","HS-grad",9,"Married-civ-spouse","White","Male",45,"<=50K",2013-05-26
32,"Private","10th",6,"Married-civ-spouse","White","Male",40,"<=50K",2003-11-05
51,"Private","Some-college",10,"Married-civ-spouse","White","Male",45,"<=50K",2009-06-22
51,"Private","Some-college",10,"Divorced","White","Female",40,"<=50K",2003-05-24
56,"Private","HS-grad",9,"Married-civ-spouse","White","Male",50,">50K",2011-06-03
38,"Private","1st-4th",2,"Married-spouse-absent","White","Male",40,"<=50K",2015-08-28
29,"Private","Bachelors",13,"Never-married","Asian-Pac-Islander","Female",40,"<=50K",2008-03-01
50,"Self-emp-not-inc","HS-grad",9,"Married-civ-spouse","White","Male",45,">50K",2005-10-07
29,"Private","Some-college",10,"Divorced","White","Male",36,"<=50K",2004-10-25
22,"Private","Some-college",10,"Never-married","White","Female",20,"<=50K",2000-04-15
35,"Private","Assoc-acdm",12,"Married-civ-spouse","White","Male",99,">50K",2010-09-09
33,"Private","Some-college",10,"Married-civ-spouse","Black","Male",40,">50K",2001-03-15
48,"Local-gov","HS-grad",9,"Never-married","White","Female",40,"<=50K",2017-05-11
33,"Private","HS-grad",9,"Married-civ-spouse","White","Male",32,"<=50K",2010-03-10
23,"Private","Bachelors",13,"Never-married","White","Female",40,"<=50K",2000-06-16
56,"Private","10th",6,"Married-civ-spouse","Black","Male",40,"<=50K",2013-12-11
35,"Private","HS-grad",9,"Married-civ-spouse","White","Male",40,"<=50K",2017-06-16
30,"Private","Assoc-acdm",12,"Never-married","White","Female",15,"<=50K",2013-09-06
31,"Self-emp-inc","Some-college",10,"Never-married","White","Male",45,"<=50K",2008-04-29
49,"Private","11th",7,"Married-civ-spouse","White","Male",40,"<=50K",2013-07-02
24,"Private","HS-grad",9,"Never-married","White","Male",40,"<=50K",2002-04-01
52,"Private","HS-grad",9,"Divorced","White","Female",40,"<=50K",2016-02-06
19,"Private","Some-college",10,"Never-married","White","Female",28,"<=50K",2010-05-27
26,"Federal-gov","Bachelors",13,"Never-married","White","Female",40,"<=50K",2005-07-06
22,"Private","HS-grad",9,"Never-married","White","Female",40,"<=50K",2011-05-25
53,"Private","Assoc-voc",11,"Married-civ-spouse","Black","Male",40,">50K",2008-04-02
54,"Private","Some-college",10,"Married-civ-spouse","Asian-Pac-Islander","Male",50,">50K",2015-10-19
60,"Private","HS-grad",9,"Married-civ-spouse","White","Male",40,">50K",2002-10-21
20,"Private","10th",6,"Never-married","White","Male",40,"<=50K",2000-08-18
21,"Private","11th",7,"Married-spouse-absent","White","Male",40,"<=50K",2013-07-30
34,"Private","Some-college",10,"Never-married","White","Female",50,"<=50K",2001-12-07
74,"Local-gov","7th-8th",4,"Married-civ-spouse","White","Male",40,"<=50K",2018-02-06
31,"Private","HS-grad",9,"Never-married","White","Male",60,"<=50K",2003-02-07
51,"Self-emp-not-inc","HS-grad",9,"Married-civ-spouse","White","Male",70,"<=50K",2004-02-14
18,"Private","11th",7,"Never-married","White","Female",20,"<=50K",2011-04-30
25,"Private","Some-college",10,"Never-married","Black","Male",40,"<=50K",2003-03-29
35,"Private","HS-grad",9,"Married-civ-spouse","White","Male",48,">50K",2010-09-03
27,"Private","Some-college",10,"Divorced","White","Female",40,"<=50K",2008-07-17
23,"Private","HS-grad",9,"Never-married","White","Male",45,"<=50K",2014-03-31
25,"Private","10th",6,"Married-civ-spouse","Black","Female",50,"<=50K",2005-05-01
33,"Private","Some-college",10,"Married-civ-spouse","White","Male",54,">50K",2007-11-20
58,"Private","Assoc-voc",11,"Married-civ-spouse","White","Male",40,"<=50K",2009-02-13
53,"Private","11th",7,"Divorced","White","Female",40,"<=50K",2010-10-12
23,"Private","5th-6th",3,"Never-married","White","Male",35,"<=50K",2018-06-03
42,"Self-emp-not-inc","HS-grad",9,"Married-civ-spouse","White","Male",35,"<=50K",2002-10-23
61,"Private","10th",6,"Widowed","Black","Female",40,"<=50K",2003-03-20
35,"Private","Bachelors",13,"Married-civ-spouse","White","Male",40,"<=50K",2011-02-20
31,"Private","HS-grad",9,"Never-married","White","Male",50,"<=50K",2003-12-06
36,"Private","HS-grad",9,"Married-civ-spouse","White","Male",40,"<=50K",2007-08-02
29,"Private","HS-grad",9,"Never-married","White","Male",56,"<=50K",2013-01-17
22,"Private","Bachelors",13,"Married-civ-spouse","White","Male",45,"<=50K",2009-01-05
50,"Private","Assoc-voc",11,"Married-civ-spouse","White","Male",84,"<=50K",2014-03-20
47,"Self-emp-not-inc","Bachelors",13,"Married-civ-spouse","White","Male",50,"<=50K",2018-04-30
51,"Private","HS-grad",9,"Married-civ-spouse","White","Male",40,">50K",2002-03-25
39,"Private","HS-grad",9,"Married-civ-spouse","White","Male",50,"<=50K",2008-05-05
69,"Private","11th",7,"Married-civ-spouse","White","Male",20,"<=50K",2009-08-27
40,"Private","HS-grad",9,"Married-civ-spouse","White","Male",40,"<=50K",2017-11-16
23,"Private","Bachelors",13,"Never-married","White","Female",40,"<=50K",2006-10-24
23,"Private","HS-grad",9,"Never-married","White","Female",40,"<=50K",2002-10-17
55,"Self-emp-not-inc","Assoc-acdm",12,"Married-civ-spouse","White","Male",55,">50K",2012-08-17
52,"Self-emp-not-inc","Assoc-voc",11,"Married-civ-spouse","White","Male",48,">50K",2003-12-20
28,"Private","Some-college",10,"Never-married","White","Female",52,"<=50K",2000-08-19
37,"Private","Bachelors",13,"Never-married","White","Female",40,"<=50K",2007-05-19
23,"Local-gov","Bachelors",13,"Never-married","White","Female",60,"<=50K",2006-06-22
35,"Private","Bachelors",13,"Never-married","Black","Female",40,"<=50K",2003-08-10
19,"Private","HS-grad",9,"Never-married","White","Female",25,"<=50K",2015-05-28
29,"Private","HS-grad",9,"Married-civ-spouse","White","Female",35,"<=50K",2016-07-03
61,"Private","HS-grad",9,"Married-civ-spouse","White","Male",40,">50K",2018-03-26
31,"Self-emp-not-inc","Bachelors",13,"Married-civ-spouse","White","Female",40,">50K",2008-01-05
34,"Private","HS-grad",9,"Never-married","White","Female",40,"<=50K",2008-03-19
62,"Private","10th",6,"Married-civ-spouse","Black","Male",40,"<=50K",2013-02-14
43,"Private","Assoc-voc",11,"Married-civ-spouse","White","Female",40,">50K",2017-12-09
49,"Private","Some-college",10,"Married-civ-spouse","White","Male",40,">50K",2008-06-30
25,"Private","HS-grad",9,"Married-civ-spouse","White","Male",40,"<=50K",2005-01-17
64,"Self-emp-not-inc","7th-8th",4,"Married-civ-spouse","White","Male",60,"<=50K",2018-01-20
49,"Private","Bachelors",13,"Married-civ-spouse","White","Male",45,">50K",2000-01-26
37,"Private","Bachelors",13,"Married-civ-spouse","White","Male",45,">50K",2017-10-31
36,"Private","HS-grad",9,"Married-civ-spouse","White","Male",45,"<=50K",2018-08-06
20,"Private","HS-grad",9,"Never-married","White","Female",40,"<=50K",2014-04-21
37,"Local-gov","Masters",14,"Married-civ-spouse","White","Male",40,">50K",2005-08-14
46,"Private","Bachelors",13,"Married-civ-spouse","White","Male",55,">50K",2018-08-14
17,"Private","11th",7,"Never-married","White","Female",15,"<=50K",2007-12-25
39,"Private","HS-grad",9,"Married-civ-spouse","White","Male",40,">50K",2013-05-06
38,"Private","Masters",14,"Never-married","White","Female",50,">50K",2007-12-03
72,"Self-emp-not-inc","Prof-school",15,"Never-married","White","Male",20,"<=50K",2009-12-15
63,"Private","HS-grad",9,"Married-civ-spouse","White","Male",45,"<=50K",2014-04-24
52,"Private","Some-college",10,"Married-spouse-absent","White","Female",16,">50K",2003-03-16
26,"Private","Assoc-acdm",12,"Married-civ-spouse","White","Male",40,"<=50K",2016-03-03
34,"Private","Bachelors",13,"Married-civ-spouse","White","Male",40,">50K",2001-11-22
50,"Private","Assoc-acdm",12,"Married-civ-spouse","White","Male",50,">50K",2005-09-18
27,"Private","Some-college",10,"Never-married","Black","Male",40,"<=50K",2017-05-29
30,"Private","HS-grad",9,"Never-married","White","Female",40,"<=50K",2017-07-24
57,"Private","1st-4th",2,"Divorced","White","Male",40,"<=50K",2001-12-10
34,"Self-emp-not-inc","Assoc-voc",11,"Married-civ-spouse","White","Male",75,"<=50K",2012-08-14
37,"Self-emp-inc","Assoc-acdm",12,"Married-civ-spouse","White","Male",40,">50K",2017-08-02
23,"Private","Some-college",10,"Never-married","Black","Female",20,"<=50K",2005-05-23
38,"Self-emp-inc","Some-college",10,"Married-civ-spouse","White","Male",40,">50K",2014-11-25
27,"Private","HS-grad",9,"Married-civ-spouse","White","Male",53,"<=50K",2006-11-17
55,"State-gov","Some-college",10,"Married-civ-spouse","White","Male",43,">50K",2005-11-24
29,"Private","Some-college",10,"Married-civ-spouse","White","Male",50,"<=50K",2003-05-19
37,"Private","HS-grad",9,"Never-married","White","Male",75,"<=50K",2013-08-26
40,"Private","HS-grad",9,"Married-civ-spouse","White","Female",40,">50K",2000-05-17
33,"Private","10th",6,"Divorced","White","Female",36,"<=50K",2009-08-01
37,"Self-emp-not-inc","Masters",14,"Married-civ-spouse","White","Male",60,">50K",2001-10-14
27,"Private","Some-college",10,"Never-married","White","Male",40,"<=50K",2017-04-27
24,"Private","Some-college",10,"Never-married","White","Female",17,"<=50K",2009-05-08
33,"Private","Some-college",10,"Married-civ-spouse","White","Male",40,"<=50K",2017-05-09
51,"Private","Some-college",10,"Married-civ-spouse","White","Male",45,">50K",2015-05-03
38,"Private","Some-college",10,"Never-married","White","Male",60,"<=50K",2003-05-07
26,"Private","HS-grad",9,"Never-married","White","Female",50,"<=50K",2001-10-02
40,"Private","HS-grad",9,"Never-married","White","Female",70,"<=50K",2012-05-04
38,"Local-gov","Bachelors",13,"Married-civ-spouse","White","Male",40,"<=50K",2013-11-04
22,"Private","HS-grad",9,"Never-married","White","Female",20,"<=50K",2002-03-04
41,"Private","Some-college",10,"Married-civ-spouse","White","Male",40,"<=50K",2014-02-20
37,"Private","Bachelors",13,"Married-civ-spouse","White","Male",60,">50K",2011-09-17
40,"Private","Bachelors",13,"Never-married","White","Female",48,"<=50K",2002-08-16
23,"Private","Bachelors",13,"Never-married","White","Male",35,"<=50K",2000-09-23
28,"Private","Some-college",10,"Never-married","White","Male",50,"<=50K",2005-04-29
51,"State-gov","Some-college",10,"Married-civ-spouse","White","Male",40,">50K",2018-06-12
21,"Private","9th",5,"Never-married","White","Male",40,"<=50K",2003-07-21
61,"Private","1st-4th",2,"Married-civ-spouse","White","Male",40,"<=50K",2013-01-25
65,"Private","HS-grad",9,"Married-civ-spouse","White","Male",16,"<=50K",2008-09-26
77,"Private","7th-8th",4,"Widowed","White","Female",23,"<=50K",2008-06-03
54,"Private","Some-college",10,"Married-civ-spouse","White","Male",44,"<=50K",2012-05-26
23,"Private","Some-college",10,"Never-married","White","Male",50,"<=50K",2013-01-26
71,"Self-emp-inc","11th",7,"Divorced","Black","Male",40,"<=50K",2008-11-16
35,"State-gov","HS-grad",9,"Married-civ-spouse","White","Male",40,">50K",2015-02-21
38,"Private","7th-8th",4,"Married-civ-spouse","White","Male",40,"<=50K",2016-09-08
32,"Private","HS-grad",9,"Separated","White","Female",40,"<=50K",2008-08-30
39,"Private","Bachelors",13,"Never-married","White","Male",40,">50K",2002-08-17
55,"State-gov","Bachelors",13,"Married-civ-spouse","White","Male",15,"<=50K",2013-01-12
62,"Private","7th-8th",4,"Widowed","White","Female",40,"<=50K",2016-05-09
37,"Private","HS-grad",9,"Divorced","White","Male",40,"<=50K",2000-01-04
49,"Local-gov","HS-grad",9,"Never-married","White","Male",50,"<=50K",2013-02-12
39,"Private","Bachelors",13,"Married-civ-spouse","White","Male",40,">50K",2001-06-17
38,"Private","HS-grad",9,"Married-civ-spouse","White","Male",40,"<=50K",2001-02-10
36,"Private","Some-college",10,"Separated","Black","Female",40,"<=50K",2009-04-01
59,"Private","HS-grad",9,"Divorced","White","Female",40,"<=50K",2002-01-06
42,"Local-gov","Masters",14,"Married-civ-spouse","White","Male",50,">50K",2017-08-10
22,"Private","Assoc-voc",11,"Never-married","White","Male",44,"<=50K",2016-07-21
30,"Private","HS-grad",9,"Never-married","Asian-Pac-Islander","Male",40,"<=50K",2002-05-18
22,"Private","HS-grad",9,"Married-civ-spouse","White","Male",40,"<=50K",2004-09-05
42,"Self-emp-inc","Doctorate",16,"Married-civ-spouse","White","Male",60,">50K",2008-04-18
34,"Private","11th",7,"Married-civ-spouse","White","Male",40,"<=50K",2014-02-09
49,"Self-emp-not-inc","HS-grad",9,"Divorced","White","Female",28,"<=50K",2016-07-08
48,"Private","11th",7,"Married-civ-spouse","White","Female",40,"<=50K",2016-09-03
49,"State-gov","Some-college",10,"Divorced","White","Female",50,"<=50K",2017-05-05
43,"Federal-gov","Masters",14,"Married-civ-spouse","White","Male",40,"<=50K",2000-07-01
37,"Private","Some-college",10,"Married-civ-spouse","White","Female",40,"<=50K",2002-04-20
21,"Private","Some-college",10,"Never-married","White","Female",30,"<=50K",2011-05-04
25,"Private","Some-college",10,"Married-civ-spouse","White","Male",40,"<=50K",2010-04-29
62,"Private","Masters",14,"Divorced","White","Female",45,"<=50K",2009-09-02
21,"Private","Some-college",10,"Never-married","White","Male",16,"<=50K",2003-11-25
49,"Local-gov","HS-grad",9,"Married-civ-spouse","Black","Male",40,">50K",2007-12-10
29,"State-gov","Bachelors",13,"Married-civ-spouse","White","Male",25,"<=50K",2007-04-08
27,"Private","HS-grad",9,"Never-married","Black","Male",40,"<=50K",2002-10-07
25,"Private","Assoc-voc",11,"Never-married","White","Female",42,"<=50K",2010-02-22
32,"Private","HS-grad",9,"Married-civ-spouse","White","Male",60,">50K",2002-05-12
40,"Private","HS-grad",9,"Married-civ-spouse","White","Male",40,"<=50K",2007-03-26
30,"Private","9th",5,"Married-civ-spouse","Other","Male",40,"<=50K",2004-09-03
37,"Private","HS-grad",9,"Divorced","White","Female",40,"<=50K",2005-12-28
34,"Private","HS-grad",9,"Married-civ-spouse","White","Male",40,"<=50K",2017-10-27
71,"Self-emp-inc","Bachelors",13,"Married-civ-spouse","White","Male",30,"<=50K",2004-05-11
42,"State-gov","Some-college",10,"Married-civ-spouse","White","Male",40,"<=50K",2005-11-05
55,"Self-emp-not-inc","Masters",14,"Divorced","White","Female",50,"<=50K",2000-09-08
21,"Private","10th",6,"Married-civ-spouse","White","Male",70,"<=50K",2012-09-18
52,"Private","Some-college",10,"Married-civ-spouse","White","Male",40,"<=50K",2018-05-21
43,"Self-emp-not-inc","Masters",14,"Divorced","White","Female",45,">50K",2015-08-21
43,"Local-gov","Bachelors",13,"Married-civ-spouse","White","Male",45,">50K",2003-02-17
31,"State-gov","Masters",14,"Divorced","White","Female",25,"<=50K",2018-09-17
24,"Private","Some-college",10,"Never-married","White","Male",20,"<=50K",2007-04-24
57,"Private","Some-college",10,"Married-civ-spouse","White","Male",40,">50K",2005-09-09
23,"Private","Some-college",10,"Never-married","White","Female",15,"<=50K",2006-10-26
38,"Private","Some-college",10,"Divorced","White","Female",44,"<=50K",2016-05-06
56,"Federal-gov","Some-college",10,"Divorced","Black","Female",40,"<=50K",2001-05-19
32,"Private","HS-grad",9,"Married-civ-spouse","White","Male",40,"<=50K",2017-02-02
49,"Private","HS-grad",9,"Married-spouse-absent","Black","Male",40,"<=50K",2018-02-22
34,"Private","7th-8th",4,"Never-married","White","Female",30,"<=50K",2008-11-01
46,"Local-gov","Bachelors",13,"Married-civ-spouse","White","Male",38,">50K",2000-08-29
35,"Private","Bachelors",13,"Married-civ-spouse","White","Male",50,">50K",2003-07-15
21,"Private","Some-college",10,"Never-married","White","Male",15,"<=50K",2007-05-16
39,"State-gov","Bachelors",13,"Married-civ-spouse","White","Female",55,">50K",2006-04-12
45,"Private","Assoc-voc",11,"Divorced","Black","Female",40,"<=50K",2002-06-28
32,"Private","HS-grad",9,"Married-civ-spouse","White","Male",40,"<=50K",2006-08-14
30,"Private","HS-grad",9,"Divorced","White","Female",54,"<=50K",2001-04-03
23,"Private","HS-grad",9,"Married-civ-spouse","White","Male",50,"<=50K",2004-10-07
63,"Private","HS-grad",9,"Married-civ-spouse","White","Male",40,"<=50K",2007-08-21
37,"Private","HS-grad",9,"Married-civ-spouse","Black","Male",36,">50K",2017-01-16
42,"Private","HS-grad",9,"Separated","White","Female",45,"<=50K",2002-10-28
48,"Private","Assoc-acdm",12,"Married-civ-spouse","White","Male",45,"<=50K",2007-10-02
41,"Private","Some-college",10,"Divorced","White","Female",40,"<=50K",2007-04-06
43,"Private","Some-college",10,"Divorced","White","Female",30,"<=50K",2016-09-24
24,"Private","HS-grad",9,"Married-civ-spouse","White","Female",25,"<=50K",2007-03-29
26,"Private","Assoc-acdm",12,"Never-married","White","Male",40,"<=50K",2002-03-13
34,"Private","11th",7,"Divorced","White","Male",43,"<=50K",2015-01-23
18,"Private","HS-grad",9,"Never-married","White","Female",24,"<=50K",2002-05-25
42,"Local-gov","HS-grad",9,"Married-civ-spouse","White","Male",60,">50K",2001-06-21
45,"State-gov","Masters",14,"Never-married","White","Female",50,">50K",2017-11-02
32,"Private","10th",6,"Never-married","White","Male",45,"<=50K",2003-11-30
30,"Private","Masters",14,"Married-civ-spouse","White","Male",45,">50K",2011-01-06
51,"Private","Bachelors",13,"Married-civ-spouse","White","Male",50,">50K",2003-10-08
56,"Self-emp-inc","Some-college",10,"Married-civ-spouse","White","Male",40,"<=50K",2002-09-24
43,"Private","HS-grad",9,"Married-civ-spouse","White","Male",43,"<=50K",2002-05-29
52,"Self-emp-not-inc","Bachelors",13,"Married-civ-spouse","White","Female",30,">50K",2005-05-06
31,"Private","HS-grad",9,"Never-married","Black","Male",40,"<=50K",2002-02-25
35,"Private","HS-grad",9,"Divorced","White","Female",40,"<=50K",2008-12-12
18,"Private","HS-grad",9,"Never-married","White","Male",40,"<=50K",2011-06-18
36,"Private","Bachelors",13,"Divorced","White","Female",45,"<=50K",2016-08-29
57,"Private","Bachelors",13,"Married-civ-spouse","White","Male",50,">50K",2000-11-20
24,"Federal-gov","Bachelors",13,"Never-married","White","Male",40,"<=50K",2001-06-14
34,"Private","Masters",14,"Never-married","White","Female",50,"<=50K",2012-12-13
35,"Private","Bachelors",13,"Married-civ-spouse","White","Male",50,">50K",2006-04-04
23,"Private","Bachelors",13,"Never-married","White","Female",20,"<=50K",2006-01-15
32,"Private","Some-college",10,"Married-civ-spouse","White","Male",60,">50K",2008-04-09
55,"Private","Some-college",10,"Divorced","White","Male",65,">50K",2010-01-26
81,"Self-emp-not-inc","Bachelors",13,"Widowed","White","Female",3,"<=50K",2011-01-29
41,"Private","Bachelors",13,"Separated","White","Female",40,"<=50K",2010-01-21
56,"Private","Some-college",10,"Married-civ-spouse","White","Male",40,">50K",2006-07-27
51,"Self-emp-not-inc","Some-college",10,"Married-civ-spouse","White","Male",40,"<=50K",2012-09-07
48,"Self-emp-not-inc","Some-college",10,"Married-civ-spouse","White","Male",60,"<=50K",2007-07-10
28,"Private","Bachelors",13,"Never-married","White","Female",20,"<=50K",2013-09-12
45,"Private","Some-college",10,"Divorced","White","Female",40,"<=50K",2005-11-04
46,"Private","Bachelors",13,"Divorced","White","Male",40,">50K",2009-04-27
22,"Private","Bachelors",13,"Never-married","White","Male",50,"<=50K",2010-05-19
33,"Federal-gov","Some-college",10,"Married-civ-spouse","Black","Female",40,">50K",2013-10-30
21,"Private","5th-6th",3,"Never-married","White","Female",40,"<=50K",2007-04-22
59,"Private","Some-college",10,"Married-civ-spouse","White","Male",40,">50K",2013-07-09
63,"Private","11th",7,"Married-civ-spouse","White","Male",37,">50K",2001-01-14
22,"Private","HS-grad",9,"Never-married","Black","Male",40,"<=50K",2003-06-25
50,"Private","Masters",14,"Divorced","White","Female",45,"<=50K",2004-08-15
57,"Private","Bachelors",13,"Married-civ-spouse","White","Male",40,">50K",2008-09-22
39,"Private","HS-grad",9,"Never-married","White","Female",43,"<=50K",2001-07-17
22,"Private","Some-college",10,"Never-married","Black","Male",15,"<=50K",2011-08-22
36,"Private","11th",7,"Divorced","White","Male",40,"<=50K",2004-12-24
63,"Private","HS-grad",9,"Divorced","White","Female",30,"<=50K",2000-02-19
27,"Private","HS-grad",9,"Never-married","Black","Female",40,"<=50K",2004-08-08
41,"Private","HS-grad",9,"Married-civ-spouse","White","Female",60,"<=50K",2018-05-30
19,"Private","Some-college",10,"Never-married","White","Female",25,"<=50K",2005-09-22
47,"Private","Some-college",10,"Divorced","White","Female",35,"<=50K",2000-08-06
32,"Private","Bachelors",13,"Never-married","White","Male",50,"<=50K",2002-06-13
27,"State-gov","Some-college",10,"Never-married","Asian-Pac-Islander","Male",50,"<=50K",2009-12-27
30,"Private","11th",7,"Married-spouse-absent","White","Female",40,"<=50K",2012-06-08
51,"State-gov","Some-college",10,"Married-civ-spouse","White","Male",40,"<=50K",2003-07-12
28,"Private","HS-grad",9,"Never-married","White","Male",40,"<=50K",2018-05-28
24,"Private","10th",6,"Married-civ-spouse","White","Male",40,"<=50K",2007-07-14
35,"Private","HS-grad",9,"Married-civ-spouse","Black","Male",40,"<=50K",2009-12-08
65,"Private","Some-college",10,"Married-civ-spouse","White","Male",40,"<=50K",2014-11-10
25,"Private","HS-grad",9,"Never-married","White","Male",40,"<=50K",2008-03-17
55,"State-gov","Some-college",10,"Married-civ-spouse","Black","Male",40,"<=50K",2006-09-16
30,"Self-emp-not-inc","HS-grad",9,"Married-civ-spouse","White","Male",50,">50K",2016-02-24
30,"Private","HS-grad",9,"Never-married","White","Female",35,"<=50K",2004-09-12
46,"Private","Bachelors",13,"Married-civ-spouse","White","Male",40,">50K",2016-10-11
64,"Private","Some-college",10,"Widowed","White","Female",24,"<=50K",2014-07-30
46,"Private","Preschool",1,"Married-civ-spouse","White","Female",40,"<=50K",2006-03-11
20,"Private","Some-college",10,"Never-married","White","Male",40,"<=50K",2006-12-19
29,"Private","Bachelors",13,"Married-civ-spouse","White","Male",40,">50K",2005-04-28
30,"Private","11th",7,"Married-civ-spouse","White","Male",50,"<=50K",2002-02-10
38,"Private","Bachelors",13,"Never-married","White","Female",40,"<=50K",2018-06-19
33,"Private","HS-grad",9,"Married-civ-spouse","White","Male",55,"<=50K",2016-02-15
30,"Private","Some-college",10,"Married-civ-spouse","White","Male",50,"<=50K",2014-07-15
46,"Self-emp-not-inc","Assoc-voc",11,"Married-civ-spouse","White","Male",40,">50K",2003-11-01
28,"Private","Some-college",10,"Never-married","White","Female",40,"<=50K",2015-03-04
33,"Private","HS-grad",9,"Married-civ-spouse","White","Male",40,"<=50K",2014-01-07
21,"Private","HS-grad",9,"Never-married","White","Male",45,"<=50K",2009-07-25
35,"Private","HS-grad",9,"Divorced","White","Female",40,"<=50K",2015-12-21
26,"Private","Some-college",10,"Never-married","White","Male",45,"<=50K",2014-06-20
38,"Private","Assoc-voc",11,"Married-civ-spouse","White","Male",48,">50K",2010-02-11
60,"Local-gov","10th",6,"Divorced","White","Female",40,"<=50K",2010-06-18
49,"Local-gov","Assoc-voc",11,"Married-civ-spouse","White","Male",56,">50K",2003-07-23
17,"Private","10th",6,"Never-married","White","Male",25,"<=50K",2018-11-24
47,"Private","HS-grad",9,"Divorced","Amer-Indian-Eskimo","Female",40,"<=50K",2018-11-17
42,"Private","Bachelors",13,"Separated","White","Male",40,"<=50K",2001-12-28
23,"Private","Assoc-voc",11,"Married-civ-spouse","White","Male",40,"<=50K",2006-02-12
20,"Private","Some-college",10,"Never-married","Asian-Pac-Islander","Male",30,"<=50K",2002-06-08
24,"Private","Bachelors",13,"Never-married","White","Male",40,"<=50K",2002-11-27
21,"Private","HS-grad",9,"Never-married","White","Male",40,"<=50K",2006-02-27
35,"Private","HS-grad",9,"Married-civ-spouse","White","Male",40,"<=50K",2015-07-29
40,"Private","Assoc-acdm",12,"Married-civ-spouse","White","Male",40,">50K",2017-12-11
48,"Private","Prof-school",15,"Married-civ-spouse","White","Male",70,">50K",2004-08-12
27,"Private","Assoc-acdm",12,"Married-civ-spouse","White","Male",40,"<=50K",2004-11-25
59,"Private","Bachelors",13,"Married-spouse-absent","Black","Female",37,"<=50K",2002-11-10
53,"Self-emp-not-inc","Masters",14,"Married-civ-spouse","White","Male",50,">50K",2005-02-05
30,"Local-gov","Some-college",10,"Never-married","Black","Male",40,"<=50K",2012-05-24
68,"Private","HS-grad",9,"Widowed","White","Female",42,"<=50K",2002-11-12
55,"Private","11th",7,"Separated","Black","Female",40,"<=50K",2002-03-28
42,"Private","HS-grad",9,"Married-civ-spouse","White","Female",24,"<=50K",2010-03-13
29,"Self-emp-not-inc","Bachelors",13,"Never-married","Black","Male",40,"<=50K",2007-04-02
21,"Private","HS-grad",9,"Never-married","White","Male",40,"<=50K",2018-08-29
66,"Private","HS-grad",9,"Married-civ-spouse","White","Male",16,"<=50K",2004-03-01
45,"Private","Bachelors",13,"Married-civ-spouse","White","Male",50,">50K",2005-01-28
21,"Private","HS-grad",9,"Never-married","White","Female",30,"<=50K",2002-01-07
30,"Private","Assoc-acdm",12,"Never-married","White","Female",53,"<=50K",2004-11-17
17,"Private","12th",8,"Never-married","White","Female",30,"<=50K",2014-12-24
35,"Self-emp-not-inc","HS-grad",9,"Married-civ-spouse","White","Male",60,">50K",2018-01-17
46,"Private","HS-grad",9,"Married-civ-spouse","White","Female",28,">50K",2005-03-30
50,"Private","11th",7,"Widowed","White","Female",40,"<=50K",2001-08-21
62,"Private","HS-grad",9,"Never-married","White","Female",38,"<=50K",2018-05-25
48,"Self-emp-inc","Bachelors",13,"Married-civ-spouse","White","Male",40,">50K",2014-08-26
53,"Federal-gov","Assoc-acdm",12,"Married-civ-spouse","Black","Female",40,">50K",2012-03-12
40,"Private","HS-grad",9,"Divorced","White","Female",40,"<=50K",2013-11-18
41,"Private","Some-college",10,"Married-civ-spouse","White","Male",40,">50K",2013-06-28
42,"Private","Some-college",10,"Married-civ-spouse","White","Male",50,"<=50K",2018-07-31
46,"Private","Assoc-voc",11,"Married-civ-spouse","White","Male",40,"<=50K",2000-08-20
57,"Private","Masters",14,"Married-civ-spouse","White","Male",60,">50K",2004-09-30
23,"Federal-gov","HS-grad",9,"Never-married","White","Male",40,"<=50K",2006-02-11
38,"Private","HS-grad",9,"Married-civ-spouse","White","Male",40,"<=50K",2017-10-13
19,"Private","HS-grad",9,"Never-married","White","Female",28,"<=50K",2000-11-24
47,"Self-emp-not-inc","Prof-school",15,"Never-married","White","Male",40,">50K",2002-06-06
67,"Private","Some-college",10,"Married-civ-spouse","White","Male",24,">50K",2009-01-02
34,"Private","HS-grad",9,"Separated","White","Female",20,"<=50K",2016-06-10
25,"Private","Bachelors",13,"Never-married","White","Male",40,"<=50K",2001-04-17
32,"Private","Some-college",10,"Divorced","White","Female",38,"<=50K",2015-01-25
49,"State-gov","Doctorate",16,"Never-married","White","Female",50,">50K",2014-10-11
32,"Private","HS-grad",9,"Married-civ-spouse","White","Female",20,"<=50K",2009-03-31
36,"Private","HS-grad",9,"Married-civ-spouse","White","Male",40,"<=50K",2006-08-21
39,"Private","Assoc-acdm",12,"Married-civ-spouse","White","Male",40,"<=50K",2008-05-28
23,"Private","Some-college",10,"Never-married","Black","Female",30,"<=50K",2014-01-02
39,"Private","Some-college",10,"Divorced","White","Male",38,"<=50K",2017-09-04
27,"Private","Some-college",10,"Never-married","White","Female",40,"<=50K",2015-06-14
22,"Private","HS-grad",9,"Never-married","White","Male",40,"<=50K",2008-01-27
30,"Private","Bachelors",13,"Married-civ-spouse","White","Male",40,"<=50K",2003-09-26
43,"Self-emp-not-inc","9th",5,"Married-civ-spouse","White","Male",40,"<=50K",2017-11-12
45,"Private","HS-grad",9,"Married-civ-spouse","White","Male",40,"<=50K",2016-07-30
42,"Local-gov","Masters",14,"Never-married","White","Female",45,"<=50K",2004-04-19
33,"Private","HS-grad",9,"Married-civ-spouse","Black","Male",40,"<=50K",2015-08-04
31,"Private","HS-grad",9,"Married-civ-spouse","White","Male",40,"<=50K",2004-05-23
76,"Local-gov","HS-grad",9,"Married-civ-spouse","White","Male",15,"<=50K",2012-04-18
41,"Private","Bachelors",13,"Married-civ-spouse","White","Male",40,"<=50K",2017-07-12
52,"Private","Some-college",10,"Never-married","White","Male",37,">50K",2016-11-13
44,"Private","Bachelors",13,"Never-married","White","Female",70,"<=50K",2013-12-23
17,"Self-emp-inc","9th",5,"Never-married","White","Female",40,"<=50K",2017-05-13
32,"Private","Masters",14,"Never-married","White","Male",48,"<=50K",2015-10-13
53,"Self-emp-not-inc","Some-college",10,"Married-civ-spouse","White","Male",30,"<=50K",2016-10-06
52,"Private","9th",5,"Married-civ-spouse","White","Male",60,">50K",2010-04-16
50,"Private","Assoc-voc",11,"Married-civ-spouse","White","Male",55,"<=50K",2012-10-18
23,"Private","HS-grad",9,"Married-civ-spouse","White","Male",48,"<=50K",2003-08-23
58,"Private","12th",8,"Divorced","Black","Male",45,">50K",2002-05-19
33,"Private","HS-grad",9,"Never-married","White","Male",40,"<=50K",2000-07-11
56,"Private","HS-grad",9,"Divorced","White","Male",10,"<=50K",2002-11-16
61,"Private","7th-8th",4,"Never-married","White","Male",48,"<=50K",2007-07-03
23,"Private","HS-grad",9,"Never-married","White","Male",40,"<=50K",2002-12-05
33,"Self-emp-not-inc","Some-college",10,"Married-civ-spouse","White","Male",45,"<=50K",2017-09-11
61,"Self-emp-not-inc","Bachelors",13,"Never-married","White","Female",50,">50K",2003-03-25
38,"Private","HS-grad",9,"Married-civ-spouse","White","Male",45,"<=50K",2000-08-22
38,"Private","11th",7,"Never-married","Black","Female",40,"<=50K",2007-08-06
27,"Local-gov","Bachelors",13,"Married-civ-spouse","White","Male",40,"<=50K",2016-10-16
38,"Local-gov","Bachelors",13,"Married-civ-spouse","White","Male",38,"<=50K",2005-05-18
64,"Local-gov","HS-grad",9,"Widowed","White","Female",40,"<=50K",2018-02-12
32,"Private","HS-grad",9,"Married-civ-spouse","White","Male",40,"<=50K",2012-09-02
19,"Private","Some-college",10,"Never-married","White","Male",30,"<=50K",2005-07-08
41,"Local-gov","Bachelors",13,"Separated","Black","Female",40,"<=50K",2004-05-04
18,"Private","11th",7,"Never-married","White","Male",24,"<=50K",2002-02-15
34,"Private","Bachelors",13,"Never-married","White","Female",50,"<=50K",2018-04-26
66,"Private","HS-grad",9,"Widowed","White","Female",40,">50K",2017-12-24
41,"Private","Bachelors",13,"Married-civ-spouse","White","Male",40,">50K",2007-03-25
38,"Private","HS-grad",9,"Married-civ-spouse","White","Female",40,"<=50K",2018-12-29
44,"Private","Bachelors",13,"Married-civ-spouse","White","Male",50,">50K",2002-03-08
40,"Private","Bachelors",13,"Married-civ-spouse","White","Female",40,">50K",2012-08-08
57,"Private","Some-college",10,"Married-civ-spouse","White","Male",40,">50K",2012-02-03
56,"Local-gov","Masters",14,"Widowed","White","Female",40,"<=50K",2012-04-21
37,"Private","11th",7,"Separated","Black","Female",40,"<=50K",2004-04-24
60,"Private","HS-grad",9,"Married-civ-spouse","White","Male",40,">50K",2015-09-13
25,"Private","Some-college",10,"Married-spouse-absent","White","Female",22,"<=50K",2008-08-01
31,"Self-emp-not-inc","9th",5,"Married-civ-spouse","White","Male",60,"<=50K",2015-06-23
18,"Private","11th",7,"Never-married","White","Female",24,"<=50K",2005-01-08
37,"Private","Bachelors",13,"Married-civ-spouse","Asian-Pac-Islander","Male",40,"<=50K",2011-02-19
41,"Private","Bachelors",13,"Married-civ-spouse","White","Female",25,">50K",2003-04-18
26,"Private","Masters",14,"Never-married","White","Male",38,"<=50K",2011-11-01
19,"Private","HS-grad",9,"Never-married","White","Male",30,"<=50K",2012-05-10
18,"Private","Some-college",10,"Never-married","Black","Female",15,"<=50K",2018-02-16
47,"Self-emp-not-inc","HS-grad",9,"Married-civ-spouse","White","Male",75,">50K",2013-10-05
20,"Private","HS-grad",9,"Never-married","White","Male",40,"<=50K",2015-04-05
48,"Private","HS-grad",9,"Divorced","Black","Female",40,"<=50K",2018-09-05
39,"Private","Some-college",10,"Married-civ-spouse","White","Male",50,"<=50K",2011-07-04
53,"Private","Some-college",10,"Separated","White","Male",45,">50K",2011-01-08
35,"Private","HS-grad",9,"Divorced","White","Male",25,"<=50K",2001-04-07
53,"Local-gov","Some-college",10,"Married-civ-spouse","White","Male",40,">50K",2004-12-04
41,"Private","Some-college",10,"Married-civ-spouse","White","Male",50,"<=50K",2010-03-27
45,"Private","Some-college",10,"Divorced","White","Female",48,"<=50K",2016-07-07
41,"Private","Some-college",10,"Never-married","White","Male",40,"<=50K",2000-02-04
42,"State-gov","Bachelors",13,"Married-civ-spouse","White","Male",40,">50K",2009-03-21
44,"Self-emp-inc","Some-college",10,"Married-civ-spouse","White","Male",50,">50K",2015-01-16
41,"Private","Masters",14,"Never-married","White","Female",40,"<=50K",2011-05-17
42,"Private","Assoc-voc",11,"Married-civ-spouse","White","Male",30,"<=50K",2004-03-30
65,"Self-emp-not-inc","Masters",14,"Married-civ-spouse","White","Male",16,"<=50K",2010-06-24
19,"Private","9th",5,"Never-married","White","Male",40,"<=50K",2014-09-29
38,"Federal-gov","HS-grad",9,"Married-civ-spouse","White","Male",56,"<=50K",2005-12-20
74,"Private","5th-6th",3,"Married-civ-spouse","Black","Male",40,"<=50K",2010-08-17
21,"Private","Some-college",10,"Never-married","White","Female",40,"<=50K",2004-05-09
51,"Local-gov","Some-college",10,"Married-civ-spouse","Black","Male",40,">50K",2013-10-28
28,"Self-emp-not-inc","11th",7,"Never-married","White","Male",40,"<=50K",2010-11-23
43,"Private","Prof-school",15,"Divorced","White","Female",35,">50K",2013-02-09
45,"State-gov","Assoc-voc",11,"Divorced","White","Female",40,"<=50K",2006-02-19
35,"Private","Bachelors",13,"Divorced","White","Female",40,"<=50K",2002-08-26
50,"Private","Some-college",10,"Divorced","White","Female",40,"<=50K",2000-11-04
34,"Self-emp-not-inc","Bachelors",13,"Married-civ-spouse","Asian-Pac-Islander","Male",70,">50K",2001-04-20
27,"Private","Bachelors",13,"Married-civ-spouse","White","Male",50,">50K",2001-09-28
64,"Self-emp-not-inc","HS-grad",9,"Married-civ-spouse","White","Male",50,"<=50K",2002-05-09
32,"Private","Bachelors",13,"Divorced","White","Male",45,"<=50K",2016-05-29
48,"Private","9th",5,"Divorced","White","Male",40,"<=50K",2009-08-12
45,"Private","Assoc-acdm",12,"Divorced","White","Female",43,"<=50K",2010-12-12
37,"Private","Assoc-voc",11,"Married-civ-spouse","White","Male",40,">50K",2000-12-18
48,"Private","HS-grad",9,"Married-civ-spouse","White","Male",55,">50K",2018-01-11
36,"Private","Assoc-acdm",12,"Married-civ-spouse","White","Male",48,">50K",2015-07-10
22,"Private","Bachelors",13,"Never-married","White","Female",40,"<=50K",2009-02-08
33,"Private","HS-grad",9,"Married-civ-spouse","White","Male",40,"<=50K",2012-11-09
21,"Private","Assoc-voc",11,"Never-married","White","Female",40,"<=50K",2014-06-08
31,"Private","Bachelors",13,"Never-married","White","Male",52,"<=50K",2006-07-26
46,"Private","Assoc-acdm",12,"Never-married","White","Female",33,"<=50K",2005-03-19
23,"Private","Some-college",10,"Never-married","Asian-Pac-Islander","Male",40,"<=50K",2005-07-18
36,"Private","5th-6th",3,"Married-civ-spouse","White","Male",40,">50K",2010-06-19
23,"Private","Assoc-voc",11,"Married-civ-spouse","White","Female",30,"<=50K",2003-10-02
21,"Private","11th",7,"Never-married","White","Female",35,"<=50K",2016-09-04
26,"Self-emp-not-inc","HS-grad",9,"Never-married","White","Male",35,"<=50K",2010-07-27
30,"Private","Masters",14,"Never-married","White","Female",40,"<=50K",2010-09-15
31,"Private","HS-grad",9,"Married-civ-spouse","Amer-Indian-Eskimo","Male",40,"<=50K",2008-02-24
23,"Private","Some-college",10,"Never-married","White","Male",40,"<=50K",2018-09-15
27,"Private","Bachelors",13,"Married-civ-spouse","White","Male",30,"<=50K",2008-02-07
21,"Private","Some-college",10,"Never-married","White","Male",40,"<=50K",2004-08-07
59,"Private","Assoc-voc",11,"Divorced","White","Female",40,"<=50K",2010-01-10
42,"Private","10th",6,"Married-civ-spouse","White","Male",40,"<=50K",2018-03-04
74,"Self-emp-not-inc","Bachelors",13,"Widowed","White","Male",8,">50K",2006-01-08
46,"State-gov","Bachelors",13,"Married-civ-spouse","White","Male",37,"<=50K",2005-06-18
17,"Private","10th",6,"Never-married","White","Male",40,"<=50K",2011-12-11
37,"Private","Masters",14,"Married-civ-spouse","White","Male",50,">50K",2013-11-22
21,"Private","HS-grad",9,"Never-married","White","Male",44,"<=50K",2013-06-23
43,"Private","HS-grad",9,"Never-married","White","Male",40,"<=50K",2000-11-03
30,"Private","Some-college",10,"Married-civ-spouse","White","Male",40,"<=50K",2008-09-10
43,"Private","Bachelors",13,"Divorced","White","Female",40,"<=50K",2002-06-27
43,"Private","HS-grad",9,"Never-married","Black","Female",96,"<=50K",2017-02-27
41,"Private","Assoc-voc",11,"Married-civ-spouse","White","Female",38,">50K",2003-08-27
32,"Self-emp-not-inc","HS-grad",9,"Married-civ-spouse","White","Male",44,"<=50K",2011-05-08
34,"Private","Some-college",10,"Married-civ-spouse","White","Male",50,">50K",2009-07-18
21,"Private","Some-college",10,"Never-married","Black","Male",25,"<=50K",2015-04-19
38,"Private","Bachelors",13,"Married-civ-spouse","White","Male",50,">50K",2014-05-04
50,"Self-emp-not-inc","Bachelors",13,"Married-civ-spouse","White","Male",60,"<=50K",2016-01-06
42,"State-gov","Some-college",10,"Married-civ-spouse","White","Male",45,"<=50K",2000-10-06
34,"Private","Assoc-voc",11,"Married-civ-spouse","White","Male",40,"<=50K",2007-05-02
43,"Private","Assoc-voc",11,"Divorced","White","Female",40,"<=50K",2012-11-29
43,"State-gov","HS-grad",9,"Married-civ-spouse","White","Male",40,"<=50K",2015-09-22
46,"Private","Assoc-voc",11,"Married-civ-spouse","White","Male",40,">50K",2018-02-08
64,"Self-emp-not-inc","Some-college",10,"Married-civ-spouse","White","Male",20,"<=50K",2007-01-14
60,"Private","7th-8th",4,"Married-civ-spouse","White","Male",40,"<=50K",2010-03-25
28,"Private","Some-college",10,"Widowed","White","Male",60,"<=50K",2001-05-07
54,"Private","11th",7,"Divorced","White","Female",50,">50K",2016-07-06
56,"Private","HS-grad",9,"Never-married","White","Male",50,">50K",2002-05-22
44,"Private","Some-college",10,"Divorced","White","Male",55,"<=50K",2009-04-21
37,"Private","HS-grad",9,"Married-civ-spouse","White","Male",45,">50K",2005-02-04
47,"Private","10th",6,"Married-civ-spouse","White","Male",46,">50K",2001-01-08
40,"Private","Bachelors",13,"Never-married","White","Female",40,"<=50K",2011-05-01
47,"Private","HS-grad",9,"Married-civ-spouse","White","Male",40,">50K",2014-08-11
35,"Private","Prof-school",15,"Married-civ-spouse","White","Male",60,">50K",2001-03-27
21,"Private","HS-grad",9,"Never-married","White","Male",50,"<=50K",2012-11-24
45,"Private","HS-grad",9,"Married-civ-spouse","White","Male",40,"<=50K",2005-08-05
47,"Private","Bachelors",13,"Never-married","Black","Female",45,"<=50K",2013-07-08
50,"Self-emp-inc","Prof-school",15,"Married-civ-spouse","White","Male",55,">50K",2006-02-01
48,"Private","HS-grad",9,"Divorced","White","Female",37,">50K",2000-07-13
40,"Private","Assoc-voc",11,"Separated","Black","Male",44,"<=50K",2008-08-06
18,"Private","12th",8,"Never-married","White","Male",35,"<=50K",2008-12-30
22,"Federal-gov","Some-college",10,"Never-married","White","Male",20,"<=50K",2008-06-23
37,"Private","HS-grad",9,"Never-married","White","Female",37,"<=50K",2009-07-19
56,"Private","Bachelors",13,"Widowed","White","Female",40,"<=50K",2001-07-27
37,"Private","HS-grad",9,"Married-civ-spouse","White","Male",15,"<=50K",2008-03-27
31,"Federal-gov","HS-grad",9,"Married-civ-spouse","White","Male",53,"<=50K",2000-02-22
48,"Local-gov","Masters",14,"Never-married","White","Female",52,"<=50K",2002-12-09
25,"Local-gov","Bachelors",13,"Never-married","White","Female",35,"<=50K",2013-12-16
36,"Private","HS-grad",9,"Married-civ-spouse","White","Female",35,">50K",2012-04-12
22,"Private","HS-grad",9,"Never-married","White","Male",20,"<=50K",2018-03-23
44,"Private","Masters",14,"Married-civ-spouse","White","Male",40,">50K",2018-04-17
45,"Private","Assoc-voc",11,"Married-civ-spouse","White","Male",40,"<=50K",2015-09-09
59,"Private","Bachelors",13,"Married-civ-spouse","White","Male",40,"<=50K",2003-04-20
57,"Local-gov","Bachelors",13,"Divorced","White","Male",40,"<=50K",2001-11-29
36,"Private","HS-grad",9,"Divorced","White","Male",45,">50K",2006-08-19
49,"State-gov","Bachelors",13,"Married-civ-spouse","White","Male",50,">50K",2003-08-11
28,"State-gov","Bachelors",13,"Married-civ-spouse","White","Male",20,"<=50K",2016-05-17
40,"Private","Bachelors",13,"Divorced","White","Female",38,"<=50K",2007-08-07
23,"Private","Bachelors",13,"Never-married","Black","Male",24,"<=50K",2016-04-14
21,"Private","HS-grad",9,"Never-married","White","Male",35,"<=50K",2007-06-26
49,"Self-emp-inc","Some-college",10,"Divorced","White","Female",40,"<=50K",2016-02-18
47,"Private","Bachelors",13,"Married-civ-spouse","White","Male",40,"<=50K",2005-04-25
31,"Private","Some-college",10,"Married-civ-spouse","White","Male",45,">50K",2001-12-23
53,"Private","HS-grad",9,"Separated","Black","Female",40,"<=50K",2005-01-21
28,"Private","HS-grad",9,"Never-married","White","Male",40,"<=50K",2004-10-16
34,"Private","Doctorate",16,"Never-married","White","Male",50,">50K",2010-03-03
38,"Private","Assoc-voc",11,"Married-civ-spouse","White","Male",70,"<=50K",2001-08-16
24,"Private","11th",7,"Never-married","White","Female",36,"<=50K",2000-11-13
59,"Private","Assoc-voc",11,"Married-civ-spouse","White","Male",40,"<=50K",2018-07-28
40,"Private","HS-grad",9,"Married-civ-spouse","White","Male",40,"<=50K",2016-01-20
44,"State-gov","Bachelors",13,"Never-married","Asian-Pac-Islander","Female",38,"<=50K",2001-11-07
29,"Private","Some-college",10,"Married-civ-spouse","White","Male",40,">50K",2000-04-08
24,"Private","Assoc-voc",11,"Never-married","White","Female",35,"<=50K",2007-12-11
50,"Private","HS-grad",9,"Married-civ-spouse","White","Female",40,"<=50K",2000-12-19
38,"Self-emp-inc","Some-college",10,"Married-civ-spouse","White","Male",50,">50K",2009-08-28
57,"Private","10th",6,"Divorced","White","Male",40,"<=50K",2017-08-26
41,"Self-emp-inc","Bachelors",13,"Married-civ-spouse","White","Male",99,">50K",2006-07-08
31,"Private","HS-grad",9,"Divorced","White","Female",40,"<=50K",2000-04-26
18,"Private","11th",7,"Never-married","White","Female",9,"<=50K",2006-09-18
44,"Federal-gov","Masters",14,"Never-married","White","Female",40,"<=50K",2002-04-19
53,"Private","5th-6th",3,"Married-civ-spouse","White","Male",10,">50K",2012-06-06
39,"Private","5th-6th",3,"Married-civ-spouse","White","Male",40,"<=50K",2017-01-22
34,"Local-gov","Bachelors",13,"Divorced","White","Female",40,"<=50K",2008-08-28
57,"Private","HS-grad",9,"Married-civ-spouse","White","Male",40,">50K",2015-10-24
41,"Private","Assoc-voc",11,"Married-civ-spouse","White","Male",55,"<=50K",2012-10-03
33,"Private","HS-grad",9,"Married-civ-spouse","White","Male",40,"<=50K",2003-08-02
52,"Private","Bachelors",13,"Married-civ-spouse","White","Male",50,">50K",2009-03-15
36,"Private","Bachelors",13,"Married-civ-spouse","White","Male",55,">50K",2012-03-16
70,"Self-emp-not-inc","11th",7,"Married-civ-spouse","White","Male",40,"<=50K",2010-10-15
30,"State-gov","Bachelors",13,"Married-spouse-absent","White","Male",40,"<=50K",2013-07-20
44,"Private","Some-college",10,"Married-civ-spouse","White","Male",50,"<=50K",2017-02-19
37,"Private","HS-grad",9,"Married-civ-spouse","White","Male",40,"<=50K",2015-04-23
23,"Private","Some-college",10,"Never-married","Asian-Pac-Islander","Female",23,"<=50K",2010-12-22
20,"Private","HS-grad",9,"Never-married","Other","Male",40,"<=50K",2003-06-01
18,"Private","Some-college",10,"Never-married","White","Male",40,"<=50K",2001-07-15
19,"Private","HS-grad",9,"Never-married","White","Male",36,"<=50K",2018-04-13
44,"Private","Bachelors",13,"Married-civ-spouse","White","Male",50,">50K",2011-12-28
36,"Private","Bachelors",13,"Married-civ-spouse","White","Male",55,"<=50K",2002-05-06
52,"Private","HS-grad",9,"Married-civ-spouse","White","Male",55,"<=50K",2013-06-17
33,"Private","Assoc-voc",11,"Separated","Black","Female",50,"<=50K",2009-05-09
64,"Federal-gov","Some-college",10,"Married-civ-spouse","White","Male",40,">50K",2014-08-16
57,"Private","5th-6th",3,"Married-civ-spouse","White","Male",40,"<=50K",2017-04-05
24,"Private","Masters",14,"Never-married","White","Female",40,"<=50K",2008-09-25
22,"Private","Some-college",10,"Never-married","White","Male",40,"<=50K",2010-11-17
25,"Private","Some-college",10,"Never-married","White","Female",65,"<=50K",2006-11-23
43,"Self-emp-inc","Some-college",10,"Married-civ-spouse","White","Male",75,"<=50K",2008-06-27
47,"Private","HS-grad",9,"Married-civ-spouse","White","Male",52,"<=50K",2000-04-17
22,"Private","Assoc-voc",11,"Never-married","White","Female",40,"<=50K",2016-05-13
36,"Private","Bachelors",13,"Separated","Black","Female",35,"<=50K",2001-09-11
37,"Private","HS-grad",9,"Married-civ-spouse","Amer-Indian-Eskimo","Male",40,"<=50K",2017-02-28
40,"Local-gov","Prof-school",15,"Separated","Black","Female",40,"<=50K",2015-07-07
20,"Private","9th",5,"Never-married","Black","Female",20,"<=50K",2002-10-24
60,"Local-gov","HS-grad",9,"Married-civ-spouse","White","Male",40,"<=50K",2002-06-26
45,"Private","Bachelors",13,"Divorced","Asian-Pac-Islander","Female",40,"<=50K",2017-02-13
55,"Private","HS-grad",9,"Divorced","White","Female",60,"<=50K",2002-05-01
32,"Self-emp-not-inc","Prof-school",15,"Married-civ-spouse","White","Male",45,">50K",2006-04-10
23,"Private","Assoc-voc",11,"Never-married","White","Female",40,"<=50K",2013-06-08
22,"Private","HS-grad",9,"Married-civ-spouse","White","Male",60,"<=50K",2001-08-17
39,"Federal-gov","Bachelors",13,"Divorced","Black","Female",40,"<=50K",2009-05-06
50,"Private","Some-college",10,"Married-civ-spouse","White","Male",40,"<=50K",2004-06-16
33,"Private","HS-grad",9,"Never-married","White","Male",30,"<=50K",2001-06-18
54,"Private","Some-college",10,"Divorced","White","Female",48,"<=50K",2005-02-03
39,"Local-gov","Assoc-voc",11,"Married-civ-spouse","White","Male",48,">50K",2014-12-26
29,"Private","Bachelors",13,"Never-married","White","Female",50,">50K",2016-08-15
44,"Private","Bachelors",13,"Divorced","White","Female",75,"<=50K",2018-04-12
35,"Self-emp-not-inc","Masters",14,"Married-civ-spouse","White","Male",40,">50K",2010-10-27
57,"Private","9th",5,"Married-civ-spouse","Black","Male",55,">50K",2014-03-23
22,"Private","HS-grad",9,"Married-civ-spouse","White","Male",50,"<=50K",2005-11-01
51,"State-gov","HS-grad",9,"Married-civ-spouse","White","Male",40,"<=50K",2018-02-13
35,"Federal-gov","HS-grad",9,"Never-married","White","Male",40,"<=50K",2001-05-17
30,"Private","Bachelors",13,"Never-married","Black","Male",50,">50K",2009-12-21
29,"Private","Masters",14,"Never-married","White","Female",45,"<=50K",2010-05-24
51,"Private","Assoc-acdm",12,"Married-civ-spouse","White","Female",40,">50K",2005-05-07
41,"Private","1st-4th",2,"Married-civ-spouse","White","Male",50,"<=50K",2001-03-20
45,"Private","1st-4th",2,"Never-married","Asian-Pac-Islander","Female",40,"<=50K",2010-09-02
39,"Private","HS-grad",9,"Never-married","White","Female",40,"<=50K",2008-02-05
21,"Private","Some-college",10,"Never-married","White","Female",40,"<=50K",2001-03-13
19,"Private","HS-grad",9,"Never-married","White","Male",40,"<=50K",2011-06-15
62,"Federal-gov","HS-grad",9,"Widowed","White","Female",36,"<=50K",2011-08-31
60,"Private","Some-college",10,"Married-civ-spouse","White","Male",40,"<=50K",2014-11-17
31,"State-gov","Some-college",10,"Never-married","White","Female",65,"<=50K",2003-01-04
38,"Federal-gov","12th",8,"Married-civ-spouse","White","Male",56,">50K",2010-08-13
60,"Private","1st-4th",2,"Divorced","Other","Male",38,"<=50K",2010-12-14
34,"Self-emp-inc","Bachelors",13,"Never-married","White","Male",50,"<=50K",2007-04-29
32,"Private","HS-grad",9,"Married-civ-spouse","White","Male",40,"<=50K",2006-07-06
35,"Private","Some-college",10,"Never-married","Black","Male",40,"<=50K",2009-09-19
48,"Self-emp-not-inc","12th",8,"Widowed","Asian-Pac-Islander","Female",40,"<=50K",2004-04-28
42,"Private","Doctorate",16,"Married-civ-spouse","White","Male",45,">50K",2011-12-23
38,"Private","Bachelors",13,"Never-married","White","Female",35,"<=50K",2010-01-04
54,"Private","HS-grad",9,"Married-civ-spouse","White","Male",40,">50K",2006-11-03
38,"Self-emp-inc","HS-grad",9,"Divorced","White","Male",40,"<=50K",2007-01-19
31,"Private","Bachelors",13,"Married-civ-spouse","White","Male",40,">50K",2008-07-24
36,"Self-emp-not-inc","10th",6,"Married-civ-spouse","White","Male",60,"<=50K",2007-11-26
40,"Private","Bachelors",13,"Married-civ-spouse","White","Male",60,">50K",2004-05-14
26,"Private","Some-college",10,"Married-civ-spouse","White","Male",40,"<=50K",2016-11-09
27,"Private","Some-college",10,"Never-married","White","Female",40,"<=50K",2015-04-02
21,"Private","Some-college",10,"Never-married","Asian-Pac-Islander","Female",15,"<=50K",2008-03-22
44,"Federal-gov","Bachelors",13,"Divorced","Black","Female",40,"<=50K",2012-06-14
22,"Private","HS-grad",9,"Never-married","White","Female",28,"<=50K",2012-05-11
36,"Private","Some-college",10,"Divorced","Other","Male",40,"<=50K",2011-01-09
38,"Private","Bachelors",13,"Divorced","Black","Female",45,">50K",2018-08-22
23,"Private","Bachelors",13,"Never-married","White","Male",40,"<=50K",2011-08-24
29,"Private","Some-college",10,"Never-married","Other","Male",40,"<=50K",2002-09-03
58,"Self-emp-inc","Some-college",10,"Married-civ-spouse","White","Female",40,">50K",2004-04-08
32,"Private","HS-grad",9,"Separated","White","Female",40,"<=50K",2018-05-01
61,"Private","Some-college",10,"Married-civ-spouse","White","Male",45,">50K",2002-11-09
19,"Private","HS-grad",9,"Never-married","White","Female",35,"<=50K",2001-05-01
56,"Private","Masters",14,"Married-civ-spouse","White","Male",50,">50K",2015-05-24
53,"Private","Bachelors",13,"Widowed","White","Female",28,"<=50K",2000-11-09
38,"Federal-gov","HS-grad",9,"Married-civ-spouse","White","Male",40,">50K",2000-08-28
56,"Local-gov","Some-college",10,"Married-civ-spouse","White","Male",99,"<=50K",2004-06-29
51,"Self-emp-not-inc","HS-grad",9,"Never-married","White","Male",40,"<=50K",2015-09-08
42,"Local-gov","HS-grad",9,"Divorced","White","Male",40,"<=50K",2009-11-13
70,"Federal-gov","HS-grad",9,"Married-civ-spouse","Black","Male",40,"<=50K",2014-06-19
71,"Private","7th-8th",4,"Married-civ-spouse","White","Male",40,">50K",2004-06-02
20,"Private","Some-college",10,"Never-married","White","Female",16,"<=50K",2014-04-18
25,"Private","Some-college",10,"Never-married","White","Male",40,"<=50K",2017-09-16
52,"Private","10th",6,"Divorced","White","Female",40,"<=50K",2003-05-15
46,"Private","11th",7,"Married-civ-spouse","Black","Male",40,">50K",2000-09-16
34,"Private","Masters",14,"Divorced","White","Female",40,"<=50K",2010-10-22
64,"Self-emp-not-inc","HS-grad",9,"Married-civ-spouse","White","Male",20,"<=50K",2009-06-16
34,"Self-emp-inc","Masters",14,"Married-civ-spouse","White","Male",60,">50K",2004-02-20
41,"Self-emp-inc","Some-college",10,"Married-civ-spouse","White","Male",60,">50K",2002-04-30
30,"Private","Bachelors",13,"Divorced","White","Male",40,">50K",2013-07-05
64,"Private","Masters",14,"Never-married","White","Female",35,"<=50K",2016-09-30
40,"Private","Some-college",10,"Married-civ-spouse","White","Male",40,"<=50K",2006-09-01
35,"Private","9th",5,"Married-civ-spouse","White","Male",40,"<=50K",2017-05-25
72,"Private","Some-college",10,"Widowed","White","Female",25,"<=50K",2005-06-13
49,"Self-emp-not-inc","Some-college",10,"Widowed","White","Female",30,"<=50K",2018-03-03
51,"Private","Some-college",10,"Divorced","White","Male",48,">50K",2007-02-05
27,"Private","Bachelors",13,"Never-married","White","Male",45,"<=50K",2011-01-24
69,"Self-emp-not-inc","Assoc-acdm",12,"Married-civ-spouse","White","Male",15,">50K",2017-06-15
52,"Federal-gov","HS-grad",9,"Divorced","White","Female",40,"<=50K",2010-01-23
38,"Private","Some-college",10,"Married-civ-spouse","White","Male",48,">50K",2018-04-16
33,"Private","Assoc-acdm",12,"Never-married","White","Male",40,"<=50K",2007-01-22
47,"Self-emp-not-inc","HS-grad",9,"Married-civ-spouse","White","Male",35,"<=50K",2008-06-12
37,"Private","9th",5,"Married-civ-spouse","White","Male",65,"<=50K",2018-06-16
18,"Private","HS-grad",9,"Never-married","White","Male",40,"<=50K",2004-01-04
54,"Private","Some-college",10,"Widowed","White","Female",40,"<=50K",2000-01-05
33,"Private","11th",7,"Never-married","White","Male",40,"<=50K",2010-11-04
34,"Private","Masters",14,"Married-civ-spouse","White","Male",40,">50K",2017-01-25
22,"Private","HS-grad",9,"Never-married","White","Male",50,"<=50K",2008-11-11
72,"Private","HS-grad",9,"Widowed","White","Female",20,"<=50K",2012-05-14
20,"Private","Some-college",10,"Never-married","White","Female",8,"<=50K",2002-07-17
49,"Self-emp-not-inc","HS-grad",9,"Married-civ-spouse","White","Female",60,"<=50K",2014-01-04
27,"Private","Bachelors",13,"Never-married","Black","Female",40,"<=50K",2013-05-30
25,"Private","HS-grad",9,"Separated","White","Female",20,"<=50K",2016-01-03
20,"Private","Some-college",10,"Never-married","White","Female",20,"<=50K",2015-04-26
38,"Private","7th-8th",4,"Married-civ-spouse","White","Male",40,"<=50K",2005-04-21
23,"Private","HS-grad",9,"Never-married","Black","Male",40,"<=50K",2001-04-12
19,"Private","Some-college",10,"Never-married","White","Female",40,"<=50K",2013-10-16
40,"Private","Bachelors",13,"Married-spouse-absent","Asian-Pac-Islander","Male",40,">50K",2005-10-19
38,"Private","Some-college",10,"Married-civ-spouse","White","Female",35,">50K",2012-07-15
17,"Private","11th",7,"Never-married","White","Female",16,"<=50K",2011-09-02
19,"Private","Some-college",10,"Never-married","White","Male",40,"<=50K",2006-01-21
27,"Private","HS-grad",9,"Married-civ-spouse","White","Male",40,"<=50K",2012-03-30
36,"Private","Some-college",10,"Married-civ-spouse","White","Male",50,"<=50K",2015-02-05
46,"Private","Bachelors",13,"Never-married","White","Female",40,"<=50K",2006-08-12
44,"Self-emp-not-inc","5th-6th",3,"Married-civ-spouse","White","Male",40,"<=50K",2005-06-24
58,"Private","7th-8th",4,"Married-civ-spouse","White","Male",40,"<=50K",2006-10-01
45,"Self-emp-not-inc","Assoc-voc",11,"Married-civ-spouse","White","Male",35,"<=50K",2017-05-26
22,"Private","Bachelors",13,"Never-married","White","Female",40,"<=50K",2007-09-07
35,"Private","Bachelors",13,"Married-civ-spouse","White","Male",45,">50K",2006-07-19
34,"Private","HS-grad",9,"Divorced","White","Male",40,"<=50K",2007-09-25
31,"Private","HS-grad",9,"Married-civ-spouse","White","Male",40,"<=50K",2000-02-09
41,"Private","HS-grad",9,"Divorced","White","Female",36,"<=50K",2002-09-17
26,"Private","Masters",14,"Never-married","White","Female",40,"<=50K",2014-02-25
23,"Private","HS-grad",9,"Married-civ-spouse","White","Male",40,"<=50K",2018-01-04
24,"Private","HS-grad",9,"Never-married","Black","Male",40,"<=50K",2017-08-31
28,"Private","Prof-school",15,"Married-civ-spouse","White","Male",60,"<=50K",2014-10-25
53,"Private","HS-grad",9,"Married-civ-spouse","White","Male",50,">50K",2014-10-16
34,"Local-gov","Bachelors",13,"Married-civ-spouse","White","Male",45,"<=50K",2005-01-20
70,"Private","HS-grad",9,"Divorced","White","Female",28,"<=50K",2004-03-08
40,"Private","Assoc-acdm",12,"Divorced","White","Female",40,"<=50K",2010-11-18
63,"Self-emp-inc","HS-grad",9,"Married-civ-spouse","White","Male",40,">50K",2008-07-26
32,"Private","Some-college",10,"Never-married","White","Female",40,"<=50K",2009-07-02
44,"Private","HS-grad",9,"Divorced","Black","Female",40,"<=50K",2008-03-16
17,"Private","10th",6,"Never-married","White","Female",10,"<=50K",2011-09-16
50,"Self-emp-not-inc","Masters",14,"Married-civ-spouse","White","Male",45,">50K",2001-02-03
33,"Private","9th",5,"Married-civ-spouse","White","Male",40,"<=50K",2016-12-03
49,"Self-emp-inc","Bachelors",13,"Married-civ-spouse","White","Male",50,">50K",2006-11-29
18,"Local-gov","10th",6,"Never-married","Black","Male",40,"<=50K",2002-03-18
31,"Private","11th",7,"Never-married","White","Male",40,"<=50K",2016-02-29
19,"Private","Some-college",10,"Never-married","White","Male",20,"<=50K",2008-10-20
23,"Private","HS-grad",9,"Never-married","White","Male",45,"<=50K",2009-03-04
22,"Private","Some-college",10,"Never-married","White","Male",10,"<=50K",2009-09-10
41,"Private","HS-grad",9,"Divorced","White","Male",50,"<=50K",2018-01-24
46,"Private","HS-grad",9,"Divorced","White","Female",20,"<=50K",2004-07-10
31,"Private","HS-grad",9,"Never-married","White","Female",40,"<=50K",2012-05-01
20,"Private","Some-college",10,"Never-married","White","Female",25,"<=50K",2006-09-12
39,"Private","Some-college",10,"Married-civ-spouse","White","Male",40,">50K",2008-05-25
18,"Private","HS-grad",9,"Never-married","White","Male",40,"<=50K",2003-05-18
58,"Private","Bachelors",13,"Never-married","White","Female",62,"<=50K",2010-01-09
19,"Private","Some-college",10,"Never-married","White","Female",20,"<=50K",2010-12-15
50,"Private","Bachelors",13,"Married-civ-spouse","White","Male",40,">50K",2014-01-15
20,"Private","Some-college",10,"Never-married","White","Female",20,"<=50K",2009-08-29
34,"Local-gov","Some-college",10,"Married-civ-spouse","White","Male",52,">50K",2011-08-27
23,"Private","Bachelors",13,"Never-married","White","Male",40,"<=50K",2015-10-03
38,"Private","Some-college",10,"Married-civ-spouse","White","Male",50,">50K",2015-05-20
45,"Private","Bachelors",13,"Divorced","White","Female",45,"<=50K",2014-02-03
48,"Private","HS-grad",9,"Married-civ-spouse","White","Male",40,"<=50K",2011-10-24
22,"Private","Some-college",10,"Never-married","White","Male",40,"<=50K",2017-10-26
34,"Private","Assoc-voc",11,"Divorced","White","Female",40,"<=50K",2000-04-02
45,"Private","HS-grad",9,"Married-civ-spouse","Black","Male",24,"<=50K",2001-11-27
56,"Private","HS-grad",9,"Married-civ-spouse","White","Female",35,"<=50K",2013-04-11
31,"Self-emp-not-inc","Masters",14,"Separated","White","Female",25,"<=50K",2007-10-10
35,"Private","11th",7,"Divorced","White","Male",40,"<=50K",2002-01-28
20,"Private","HS-grad",9,"Never-married","White","Male",45,"<=50K",2011-10-13
58,"Self-emp-not-inc","Some-college",10,"Divorced","White","Male",45,"<=50K",2015-02-22
24,"Private","Some-college",10,"Married-civ-spouse","White","Male",40,">50K",2002-08-10
31,"Private","HS-grad",9,"Married-civ-spouse","White","Male",45,"<=50K",2015-05-10
17,"Private","12th",8,"Never-married","White","Male",12,"<=50K",2018-03-20
28,"Private","HS-grad",9,"Never-married","White","Male",50,"<=50K",2016-04-29
37,"Private","HS-grad",9,"Married-civ-spouse","White","Male",40,"<=50K",2007-12-28
19,"Private","HS-grad",9,"Never-married","White","Female",50,"<=50K",2003-01-24
41,"State-gov","Prof-school",15,"Widowed","Other","Female",52,">50K",2006-08-06
19,"Private","HS-grad",9,"Never-married","White","Male",35,"<=50K",2008-03-20
39,"State-gov","Bachelors",13,"Never-married","White","Male",35,"<=50K",2011-04-20
26,"Self-emp-not-inc","HS-grad",9,"Married-civ-spouse","White","Male",40,"<=50K",2008-02-02
28,"Self-emp-inc","Bachelors",13,"Married-civ-spouse","White","Male",60,">50K",2006-11-11
20,"Private","HS-grad",9,"Married-civ-spouse","White","Male",40,"<=50K",2012-02-07
20,"Private","HS-grad",9,"Never-married","White","Male",40,"<=50K",2016-02-08
41,"Private","HS-grad",9,"Married-civ-spouse","White","Male",40,"<=50K",2013-03-24
18,"Private","11th",7,"Never-married","White","Male",40,"<=50K",2006-10-07
26,"Private","Assoc-voc",11,"Never-married","White","Female",40,"<=50K",2000-04-27
50,"Private","HS-grad",9,"Married-civ-spouse","White","Male",40,"<=50K",2000-06-18
49,"Private","Assoc-voc",11,"Divorced","White","Female",20,"<=50K",2005-07-04
34,"Local-gov","Some-college",10,"Never-married","White","Female",40,"<=50K",2005-01-26
26,"Private","Some-college",10,"Married-civ-spouse","White","Male",40,">50K",2007-08-04
29,"Federal-gov","Some-college",10,"Never-married","White","Female",40,"<=50K",2003-10-14
60,"Private","HS-grad",9,"Divorced","White","Female",40,"<=50K",2015-09-30
23,"Private","Some-college",10,"Never-married","Black","Female",20,"<=50K",2006-09-07
43,"Private","HS-grad",9,"Married-civ-spouse","Black","Male",40,">50K",2003-07-18
32,"Federal-gov","Bachelors",13,"Married-civ-spouse","White","Male",40,">50K",2014-04-19
36,"Private","HS-grad",9,"Divorced","White","Male",55,"<=50K",2008-12-07
26,"Private","Some-college",10,"Never-married","Black","Male",38,"<=50K",2016-01-24
59,"Private","HS-grad",9,"Married-civ-spouse","Black","Male",40,">50K",2012-01-25
34,"Private","Bachelors",13,"Married-civ-spouse","Asian-Pac-Islander","Male",40,">50K",2005-07-21
38,"Private","Some-college",10,"Married-civ-spouse","White","Male",40,"<=50K",2018-11-20
76,"Private","HS-grad",9,"Divorced","White","Female",8,"<=50K",2003-09-13
47,"Private","Some-college",10,"Divorced","White","Female",40,"<=50K",2012-05-21
45,"Private","1st-4th",2,"Married-civ-spouse","White","Male",40,"<=50K",2007-01-10
54,"Self-emp-inc","HS-grad",9,"Married-civ-spouse","White","Male",98,">50K",2007-04-03
26,"Private","Some-college",10,"Married-civ-spouse","White","Male",40,">50K",2008-04-10
53,"Private","HS-grad",9,"Divorced","White","Male",40,"<=50K",2003-02-22
37,"Self-emp-inc","Bachelors",13,"Married-civ-spouse","White","Male",50,">50K",2008-12-29
18,"Private","HS-grad",9,"Never-married","White","Female",20,"<=50K",2006-04-08
21,"Private","Some-college",10,"Never-married","White","Male",40,"<=50K",2008-11-18
33,"Private","Assoc-voc",11,"Married-civ-spouse","Asian-Pac-Islander","Male",40,">50K",2013-06-11
45,"Private","Bachelors",13,"Married-civ-spouse","White","Male",48,"<=50K",2016-10-15
35,"Private","Bachelors",13,"Never-married","White","Female",45,"<=50K",2016-08-07
46,"Private","Some-college",10,"Married-civ-spouse","White","Male",38,">50K",2012-12-30
21,"Local-gov","Some-college",10,"Never-married","White","Female",32,"<=50K",2009-10-28
54,"Private","9th",5,"Married-civ-spouse","White","Male",40,"<=50K",2006-10-20
49,"Self-emp-inc","Masters",14,"Never-married","White","Female",35,">50K",2016-08-04
44,"Private","HS-grad",9,"Never-married","White","Male",50,"<=50K",2005-09-06
48,"Private","HS-grad",9,"Divorced","White","Female",50,"<=50K",2009-11-03
54,"Private","HS-grad",9,"Married-civ-spouse","White","Female",40,"<=50K",2011-12-07
49,"Private","HS-grad",9,"Never-married","Asian-Pac-Islander","Female",40,"<=50K",2003-12-09
51,"Private","HS-grad",9,"Married-civ-spouse","Black","Female",40,"<=50K",2008-02-01
31,"Private","Assoc-voc",11,"Separated","White","Male",40,"<=50K",2014-02-28
26,"Private","Bachelors",13,"Never-married","White","Female",50,"<=50K",2012-09-24
25,"Private","HS-grad",9,"Divorced","White","Male",40,"<=50K",2010-12-08
24,"State-gov","Bachelors",13,"Never-married","White","Female",20,"<=50K",2005-06-22
35,"Local-gov","HS-grad",9,"Married-civ-spouse","White","Male",45,"<=50K",2001-10-21
36,"Private","Assoc-voc",11,"Married-civ-spouse","White","Male",40,"<=50K",2011-01-04
46,"Private","HS-grad",9,"Divorced","White","Male",40,"<=50K",2005-02-14
72,"Private","Some-college",10,"Married-civ-spouse","White","Male",15,"<=50K",2000-03-07
34,"Private","Prof-school",15,"Married-civ-spouse","White","Male",55,">50K",2002-11-26
49,"Private","HS-grad",9,"Divorced","White","Female",40,"<=50K",2002-08-01
38,"Private","Some-college",10,"Married-civ-spouse","White","Female",35,">50K",2018-11-28
